,Overs,Mdns,Runs,Wkts,Econ,Pos,Inns,Opposition,Ground,Start Date,Match id
0,DNB,-,-,-,-,-,2,ODI v Sri Lanka,Dambulla,18 Aug 2008,ODI # 2742
1,DNB,-,-,-,-,-,1,ODI v Sri Lanka,Dambulla,20 Aug 2008,ODI # 2745
2,DNB,-,-,-,-,-,2,ODI v Sri Lanka,Colombo (RPS),24 Aug 2008,ODI # 2750
3,DNB,-,-,-,-,-,2,ODI v Sri Lanka,Colombo (RPS),27 Aug 2008,ODI # 2755
4,DNB,-,-,-,-,-,1,ODI v Sri Lanka,Colombo (RPS),29 Aug 2008,ODI # 2756
5,DNB,-,-,-,-,-,2,ODI v Sri Lanka,Colombo (RPS),14 Sep 2009,ODI # 2889
6,3.0,0,21,0,7.00,4,1,ODI v Pakistan,Centurion,26 Sep 2009,ODI # 2898
7,DNB,-,-,-,-,-,1,ODI v Australia,Centurion,28 Sep 2009,ODI # 2901
8,DNB,-,-,-,-,-,1,ODI v West Indies,Johannesburg,30 Sep 2009,ODI # 2904
9,DNB,-,-,-,-,-,1,ODI v Australia,Vadodara,25 Oct 2009,ODI # 2913
10,DNB,-,-,-,-,-,1,ODI v Australia,Mohali,2 Nov 2009,ODI # 2919
11,DNB,-,-,-,-,-,2,ODI v Sri Lanka,Rajkot,15 Dec 2009,ODI # 2932
12,DNB,-,-,-,-,-,2,ODI v Sri Lanka,Nagpur,18 Dec 2009,ODI # 2933
13,DNB,-,-,-,-,-,1,ODI v Sri Lanka,Eden Gardens,24 Dec 2009,ODI # 2935
14,DNB,-,-,-,-,-,1,ODI v Sri Lanka,Delhi,27 Dec 2009,ODI # 2936
15,DNB,-,-,-,-,-,2,ODI v Sri Lanka,Mirpur,5 Jan 2010,ODI # 2938
16,DNB,-,-,-,-,-,1,ODI v Bangladesh,Mirpur,7 Jan 2010,ODI # 2939
17,DNB,-,-,-,-,-,1,ODI v Sri Lanka,Mirpur,10 Jan 2010,ODI # 2941
18,DNB,-,-,-,-,-,1,ODI v Bangladesh,Mirpur,11 Jan 2010,ODI # 2942
19,1.4,0,12,0,7.20,3,2,ODI v Sri Lanka,Mirpur,13 Jan 2010,ODI # 2943
20,DNB,-,-,-,-,-,2,ODI v South Africa,Jaipur,21 Feb 2010,ODI # 2961
21,DNB,-,-,-,-,-,2,ODI v South Africa,Gwalior,24 Feb 2010,ODI # 2962
22,2.0,0,11,0,5.50,6,1,ODI v South Africa,Ahmedabad,27 Feb 2010,ODI # 2963
23,DNB,-,-,-,-,-,2,ODI v Zimbabwe,Bulawayo,28 May 2010,ODI # 2981
24,DNB,-,-,-,-,-,1,ODI v Sri Lanka,Bulawayo,30 May 2010,ODI # 2983
25,DNB,-,-,-,-,-,2,ODI v Zimbabwe,Harare,3 Jun 2010,ODI # 2986
26,DNB,-,-,-,-,-,2,ODI v Sri Lanka,Harare,5 Jun 2010,ODI # 2988
27,DNB,-,-,-,-,-,1,T20I v Zimbabwe,Harare,12 Jun 2010,T20I # 182
28,DNB,-,-,-,-,-,1,T20I v Zimbabwe,Harare,13 Jun 2010,T20I # 183
29,DNB,-,-,-,-,-,1,ODI v Bangladesh,Dambulla,16 Jun 2010,ODI # 2993
30,DNB,-,-,-,-,-,1,ODI v Pakistan,Dambulla,19 Jun 2010,ODI # 2996
31,DNB,-,-,-,-,-,2,ODI v Sri Lanka,Dambulla,22 Jun 2010,ODI # 2999
32,3.0,0,16,0,5.33,5,2,ODI v Sri Lanka,Dambulla,24 Jun 2010,ODI # 3001
33,DNB,-,-,-,-,-,1,ODI v Sri Lanka,Dambulla,16 Aug 2010,ODI # 3032
34,DNB,-,-,-,-,-,2,ODI v New Zealand,Dambulla,25 Aug 2010,ODI # 3039
35,DNB,-,-,-,-,-,1,ODI v Sri Lanka,Dambulla,28 Aug 2010,ODI # 3040
36,DNB,-,-,-,-,-,1,ODI v Australia,Visakhapatnam,20 Oct 2010,ODI # 3060
37,DNB,-,-,-,-,-,2,ODI v New Zealand,Guwahati,28 Nov 2010,ODI # 3070
38,DNB,-,-,-,-,-,1,ODI v New Zealand,Jaipur,1 Dec 2010,ODI # 3072
39,DNB,-,-,-,-,-,1,ODI v New Zealand,Vadodara,4 Dec 2010,ODI # 3074
40,DNB,-,-,-,-,-,1,ODI v New Zealand,Bengaluru,7 Dec 2010,ODI # 3076
41,DNB,-,-,-,-,-,1,ODI v New Zealand,Chennai,10 Dec 2010,ODI # 3077
42,DNB,-,-,-,-,-,2,T20I v South Africa,Durban,9 Jan 2011,T20I # 196
43,DNB,-,-,-,-,-,1,ODI v South Africa,Durban,12 Jan 2011,ODI # 3079
44,DNB,-,-,-,-,-,2,ODI v South Africa,Johannesburg,15 Jan 2011,ODI # 3080
45,DNB,-,-,-,-,-,1,ODI v South Africa,Cape Town,18 Jan 2011,ODI # 3082
46,DNB,-,-,-,-,-,1,ODI v South Africa,Gqeberha,21 Jan 2011,ODI # 3084
47,DNB,-,-,-,-,-,1,ODI v South Africa,Centurion,23 Jan 2011,ODI # 3087
48,DNB,-,-,-,-,-,2,ODI v Bangladesh,Mirpur,19 Feb 2011,ODI # 3100
49,DNB,-,-,-,-,-,2,ODI v England,Bengaluru,27 Feb 2011,ODI # 3110
50,DNB,-,-,-,-,-,1,ODI v Ireland,Bengaluru,6 Mar 2011,ODI # 3121
51,DNB,-,-,-,-,-,1,ODI v Netherlands,Delhi,9 Mar 2011,ODI # 3124
52,DNB,-,-,-,-,-,2,ODI v South Africa,Nagpur,12 Mar 2011,ODI # 3128
53,DNB,-,-,-,-,-,2,ODI v West Indies,Chennai,20 Mar 2011,ODI # 3141
54,1.0,0,6,0,6.00,7,1,ODI v Australia,Ahmedabad,24 Mar 2011,ODI # 3143
55,DNB,-,-,-,-,-,2,ODI v Pakistan,Mohali,30 Mar 2011,ODI # 3147
56,1.0,0,6,0,6.00,7,1,ODI v Sri Lanka,Wankhede,2 Apr 2011,ODI # 3148
57,DNB,-,-,-,-,-,2,T20I v West Indies,Port of Spain,4 Jun 2011,T20I # 200
58,3.0,1,16,0,5.33,7,1,ODI v West Indies,Port of Spain,6 Jun 2011,ODI # 3159
59,DNB,-,-,-,-,-,1,ODI v West Indies,Port of Spain,8 Jun 2011,ODI # 3160
60,1.0,0,7,0,7.00,6,1,ODI v West Indies,North Sound,11 Jun 2011,ODI # 3161
61,DNB,-,-,-,-,-,1,ODI v West Indies,North Sound,13 Jun 2011,ODI # 3162
62,3.0,0,13,0,4.33,7,2,ODI v West Indies,Kingston,16 Jun 2011,ODI # 3163
63,DNB,-,-,-,-,-,2,Test v West Indies,Kingston,20 Jun 2011,Test # 1997
64,DNB,-,-,-,-,-,4,Test v West Indies,Kingston,20 Jun 2011,Test # 1997
65,DNB,-,-,-,-,-,2,Test v West Indies,Bridgetown,28 Jun 2011,Test # 1998
66,DNB,-,-,-,-,-,4,Test v West Indies,Bridgetown,28 Jun 2011,Test # 1998
67,DNB,-,-,-,-,-,1,Test v West Indies,Roseau,6 Jul 2011,Test # 1999
68,DNB,-,-,-,-,-,3,Test v West Indies,Roseau,6 Jul 2011,Test # 1999
69,3.0,0,22,1,7.33,5,2,T20I v England,Manchester,31 Aug 2011,T20I # 204
70,DNB,-,-,-,-,-,2,ODI v England,Chester-le-Street,3 Sep 2011,ODI # 3186
71,3.0,0,22,0,7.33,5,2,ODI v England,Southampton,6 Sep 2011,ODI # 3187
72,DNB,-,-,-,-,-,2,ODI v England,The Oval,9 Sep 2011,ODI # 3189
73,DNB,-,-,-,-,-,2,ODI v England,Lord's,11 Sep 2011,ODI # 3191
74,6.0,0,44,1,7.33,6,2,ODI v England,Cardiff,16 Sep 2011,ODI # 3195
75,3.0,0,11,0,3.66,3,2,ODI v England,Hyderabad,14 Oct 2011,ODI # 3199
76,5.0,0,18,0,3.60,3,1,ODI v England,Delhi,17 Oct 2011,ODI # 3201
77,3.0,0,20,1,6.66,3,1,ODI v England,Mohali,20 Oct 2011,ODI # 3205
78,4.0,0,14,0,3.50,6,1,ODI v England,Wankhede,23 Oct 2011,ODI # 3207
79,DNB,-,-,-,-,-,2,ODI v England,Eden Gardens,25 Oct 2011,ODI # 3210
80,2.4,0,13,1,4.87,6,2,T20I v England,Eden Gardens,29 Oct 2011,T20I # 214
81,2.0,0,9,0,4.50,6,1,Test v West Indies,Wankhede,22 Nov 2011,Test # 2019
82,DNB,-,-,-,-,-,3,Test v West Indies,Wankhede,22 Nov 2011,Test # 2019
83,DNB,-,-,-,-,-,1,ODI v West Indies,Cuttack,29 Nov 2011,ODI # 3217
84,DNB,-,-,-,-,-,1,ODI v West Indies,Visakhapatnam,2 Dec 2011,ODI # 3219
85,DNB,-,-,-,-,-,1,ODI v West Indies,Ahmedabad,5 Dec 2011,ODI # 3221
86,DNB,-,-,-,-,-,2,ODI v West Indies,Indore,8 Dec 2011,ODI # 3223
87,1.0,0,11,0,11.00,7,2,ODI v West Indies,Chennai,11 Dec 2011,ODI # 3224
88,DNB,-,-,-,-,-,1,Test v Australia,Melbourne,26 Dec 2011,Test # 2025
89,DNB,-,-,-,-,-,3,Test v Australia,Melbourne,26 Dec 2011,Test # 2025
90,8.0,0,23,0,2.87,6,2,Test v Australia,Sydney,3 Jan 2012,Test # 2027
91,DNB,-,-,-,-,-,2,Test v Australia,W.A.C.A,13 Jan 2012,Test # 2029
92,1.0,0,3,0,3.00,6,1,Test v Australia,Adelaide,24 Jan 2012,Test # 2031
93,DNB,-,-,-,-,-,3,Test v Australia,Adelaide,24 Jan 2012,Test # 2031
94,DNB,-,-,-,-,-,1,T20I v Australia,Sydney,1 Feb 2012,T20I # 217
95,1.0,0,7,0,7.00,3,1,T20I v Australia,Melbourne,3 Feb 2012,T20I # 218
96,1.0,0,4,0,4.00,3,1,ODI v Australia,Melbourne,5 Feb 2012,ODI # 3231
97,DNB,-,-,-,-,-,1,ODI v Sri Lanka,W.A.C.A,8 Feb 2012,ODI # 3233
98,DNB,-,-,-,-,-,1,ODI v Australia,Adelaide,12 Feb 2012,ODI # 3237
99,DNB,-,-,-,-,-,1,ODI v Sri Lanka,Adelaide,14 Feb 2012,ODI # 3239
100,DNB,-,-,-,-,-,1,ODI v Australia,Brisbane,19 Feb 2012,ODI # 3244
101,1.0,0,14,0,14.00,8,1,ODI v Sri Lanka,Brisbane,21 Feb 2012,ODI # 3246
102,DNB,-,-,-,-,-,1,ODI v Australia,Sydney,26 Feb 2012,ODI # 3250
103,DNB,-,-,-,-,-,1,ODI v Sri Lanka,Hobart,28 Feb 2012,ODI # 3251
104,DNB,-,-,-,-,-,2,ODI v Sri Lanka,Mirpur,13 Mar 2012,ODI # 3259
105,DNB,-,-,-,-,-,2,ODI v Bangladesh,Mirpur,16 Mar 2012,ODI # 3261
106,DNB,-,-,-,-,-,1,ODI v Pakistan,Mirpur,18 Mar 2012,ODI # 3263
107,1.0,0,15,0,15.00,8,1,T20I v South Africa,Johannesburg,30 Mar 2012,T20I # 242
108,DNB,-,-,-,-,-,2,ODI v Sri Lanka,Hambantota,21 Jul 2012,ODI # 3291
109,DNB,-,-,-,-,-,2,ODI v Sri Lanka,Hambantota,24 Jul 2012,ODI # 3292
110,DNB,-,-,-,-,-,1,ODI v Sri Lanka,Colombo (RPS),28 Jul 2012,ODI # 3293
111,2.0,0,7,0,3.50,4,1,ODI v Sri Lanka,Colombo (RPS),31 Jul 2012,ODI # 3294
112,1.0,0,3,0,3.00,4,2,ODI v Sri Lanka,Pallekele,4 Aug 2012,ODI # 3295
113,3.0,0,13,0,4.33,4,2,T20I v Sri Lanka,Pallekele,7 Aug 2012,T20I # 255
114,DNB,-,-,-,-,-,2,Test v New Zealand,Hyderabad,23 Aug 2012,Test # 2054
115,DNB,-,-,-,-,-,3,Test v New Zealand,Hyderabad,23 Aug 2012,Test # 2054
116,DNB,-,-,-,-,-,1,Test v New Zealand,Bengaluru,31 Aug 2012,Test # 2055
117,DNB,-,-,-,-,-,3,Test v New Zealand,Bengaluru,31 Aug 2012,Test # 2055
118,3.0,0,27,0,9.00,6,1,T20I v New Zealand,Chennai,11 Sep 2012,T20I # 261
119,DNB,-,-,-,-,-,2,T20I v Afghanistan,Colombo (RPS),19 Sep 2012,T20I # 265
120,DNB,-,-,-,-,-,2,T20I v England,Colombo (RPS),23 Sep 2012,T20I # 272
121,1.0,0,10,0,10.00,6,2,T20I v Australia,Colombo (RPS),28 Sep 2012,T20I # 278
122,3.0,0,21,1,7.00,6,1,T20I v Pakistan,Colombo (RPS),30 Sep 2012,T20I # 282
123,DNB,-,-,-,-,-,2,T20I v South Africa,Colombo (RPS),2 Oct 2012,T20I # 286
124,DNB,-,-,-,-,-,2,Test v England,Ahmedabad,15 Nov 2012,Test # 2058
125,DNB,-,-,-,-,-,3,Test v England,Ahmedabad,15 Nov 2012,Test # 2058
126,DNB,-,-,-,-,-,2,Test v England,Wankhede,23 Nov 2012,Test # 2062
127,DNB,-,-,-,-,-,4,Test v England,Wankhede,23 Nov 2012,Test # 2062
128,DNB,-,-,-,-,-,2,Test v England,Eden Gardens,5 Dec 2012,Test # 2065
129,DNB,-,-,-,-,-,4,Test v England,Eden Gardens,5 Dec 2012,Test # 2065
130,DNB,-,-,-,-,-,1,Test v England,Nagpur,13 Dec 2012,Test # 2066
131,DNB,-,-,-,-,-,3,Test v England,Nagpur,13 Dec 2012,Test # 2066
132,1.0,0,10,0,10.00,6,1,T20I v England,Pune,20 Dec 2012,T20I # 292
133,DNB,-,-,-,-,-,2,T20I v England,Wankhede,22 Dec 2012,T20I # 294
134,2.0,0,21,0,10.50,4,2,T20I v Pakistan,Bengaluru,25 Dec 2012,T20I # 296
135,DNB,-,-,-,-,-,2,T20I v Pakistan,Ahmedabad,28 Dec 2012,T20I # 298
136,2.5,0,21,0,7.41,7,2,ODI v Pakistan,Chennai,30 Dec 2012,ODI # 3314
137,DNB,-,-,-,-,-,1,ODI v Pakistan,Eden Gardens,3 Jan 2013,ODI # 3315
138,DNB,-,-,-,-,-,2,ODI v Pakistan,Delhi,6 Jan 2013,ODI # 3316
139,1.0,0,9,0,9.00,7,1,ODI v England,Rajkot,11 Jan 2013,ODI # 3318
140,DNB,-,-,-,-,-,2,ODI v England,Kochi,15 Jan 2013,ODI # 3320
141,DNB,-,-,-,-,-,1,ODI v England,Ranchi,19 Jan 2013,ODI # 3322
142,DNB,-,-,-,-,-,1,ODI v England,Mohali,23 Jan 2013,ODI # 3327
143,DNB,-,-,-,-,-,2,ODI v England,Dharamsala,27 Jan 2013,ODI # 3329
144,DNB,-,-,-,-,-,1,Test v Australia,Chennai,22 Feb 2013,Test # 2074
145,DNB,-,-,-,-,-,3,Test v Australia,Chennai,22 Feb 2013,Test # 2074
146,DNB,-,-,-,-,-,1,Test v Australia,Hyderabad,2 Mar 2013,Test # 2076
147,DNB,-,-,-,-,-,3,Test v Australia,Hyderabad,2 Mar 2013,Test # 2076
148,DNB,-,-,-,-,-,1,Test v Australia,Mohali,14 Mar 2013,Test # 2081
149,DNB,-,-,-,-,-,3,Test v Australia,Mohali,14 Mar 2013,Test # 2081
150,DNB,-,-,-,-,-,1,Test v Australia,Delhi,22 Mar 2013,Test # 2085
151,DNB,-,-,-,-,-,3,Test v Australia,Delhi,22 Mar 2013,Test # 2085
152,DNB,-,-,-,-,-,2,ODI v South Africa,Cardiff,6 Jun 2013,ODI # 3363
153,4.0,0,26,0,6.50,5,1,ODI v West Indies,The Oval,11 Jun 2013,ODI # 3368
154,2.0,0,11,0,5.50,5,1,ODI v Pakistan,Birmingham,15 Jun 2013,ODI # 3372
155,DNB,-,-,-,-,-,1,ODI v Sri Lanka,Cardiff,20 Jun 2013,ODI # 3376
156,DNB,-,-,-,-,-,2,ODI v England,Birmingham,23 Jun 2013,ODI # 3377
157,DNB,-,-,-,-,-,2,ODI v West Indies,Kingston,30 Jun 2013,ODI # 3380
158,2.0,0,9,0,4.50,6,1,ODI v Sri Lanka,Kingston,2 Jul 2013,ODI # 3382
159,DNB,-,-,-,-,-,2,ODI v West Indies,Port of Spain,5 Jul 2013,ODI # 3383
160,DNB,-,-,-,-,-,2,ODI v Sri Lanka,Port of Spain,9 Jul 2013,ODI # 3387
161,3.0,0,17,0,5.66,4,1,ODI v Sri Lanka,Port of Spain,11 Jul 2013,ODI # 3388
162,DNB,-,-,-,-,-,1,ODI v Zimbabwe,Harare,24 Jul 2013,ODI # 3395
163,DNB,-,-,-,-,-,2,ODI v Zimbabwe,Harare,26 Jul 2013,ODI # 3397
164,1.0,0,7,0,7.00,4,1,ODI v Zimbabwe,Harare,28 Jul 2013,ODI # 3399
165,DNB,-,-,-,-,-,1,ODI v Zimbabwe,Bulawayo,1 Aug 2013,ODI # 3402
166,DNB,-,-,-,-,-,1,ODI v Zimbabwe,Bulawayo,3 Aug 2013,ODI # 3403
167,2.0,0,24,0,12.00,6,1,T20I v Australia,Rajkot,10 Oct 2013,T20I # 331
168,1.0,0,12,0,12.00,6,1,ODI v Australia,Pune,13 Oct 2013,ODI # 3419
169,DNB,-,-,-,-,-,1,ODI v Australia,Jaipur,16 Oct 2013,ODI # 3420
170,1.0,0,18,0,18.00,7,2,ODI v Australia,Mohali,19 Oct 2013,ODI # 3421
171,DNB,-,-,-,-,-,1,ODI v Australia,Ranchi,23 Oct 2013,ODI # 3422
172,2.0,0,15,0,7.50,6,1,ODI v Australia,Nagpur,30 Oct 2013,ODI # 3424
173,DNB,-,-,-,-,-,2,ODI v Australia,Bengaluru,2 Nov 2013,ODI # 3428
174,DNB,-,-,-,-,-,1,Test v West Indies,Eden Gardens,6 Nov 2013,Test # 2101
175,DNB,-,-,-,-,-,3,Test v West Indies,Eden Gardens,6 Nov 2013,Test # 2101
176,DNB,-,-,-,-,-,1,Test v West Indies,Wankhede,14 Nov 2013,Test # 2102
177,DNB,-,-,-,-,-,3,Test v West Indies,Wankhede,14 Nov 2013,Test # 2102
178,DNB,-,-,-,-,-,1,ODI v West Indies,Kochi,21 Nov 2013,ODI # 3436
179,DNB,-,-,-,-,-,2,ODI v West Indies,Visakhapatnam,24 Nov 2013,ODI # 3437
180,DNB,-,-,-,-,-,1,ODI v West Indies,Kanpur,27 Nov 2013,ODI # 3439
181,2.0,0,15,1,7.50,7,1,ODI v South Africa,Johannesburg,5 Dec 2013,ODI # 3442
182,3.0,0,17,0,5.66,6,1,ODI v South Africa,Durban,8 Dec 2013,ODI # 3443
183,3.0,0,22,0,7.33,7,1,ODI v South Africa,Centurion,11 Dec 2013,ODI # 3444
184,DNB,-,-,-,-,-,2,Test v South Africa,Johannesburg,18 Dec 2013,Test # 2108
185,6.0,0,18,0,3.00,7,4,Test v South Africa,Johannesburg,18 Dec 2013,Test # 2108
186,DNB,-,-,-,-,-,2,Test v South Africa,Durban,26 Dec 2013,Test # 2111
187,DNB,-,-,-,-,-,4,Test v South Africa,Durban,26 Dec 2013,Test # 2111
188,3.0,0,13,0,4.33,6,1,ODI v New Zealand,Napier,19 Jan 2014,ODI # 3456
189,2.0,0,12,0,6.00,5,1,ODI v New Zealand,Hamilton,22 Jan 2014,ODI # 3458
190,DNB,-,-,-,-,-,1,ODI v New Zealand,Auckland,25 Jan 2014,ODI # 3462
191,DNB,-,-,-,-,-,2,ODI v New Zealand,Hamilton,28 Jan 2014,ODI # 3465
192,7.0,0,36,1,5.14,6,1,ODI v New Zealand,Wellington,31 Jan 2014,ODI # 3467
193,1.0,0,4,0,4.00,5,1,Test v New Zealand,Auckland,6 Feb 2014,Test # 2118
194,DNB,-,-,-,-,-,3,Test v New Zealand,Auckland,6 Feb 2014,Test # 2118
195,DNB,-,-,-,-,-,1,Test v New Zealand,Wellington,14 Feb 2014,Test # 2120
196,6.0,1,13,0,2.16,6,3,Test v New Zealand,Wellington,14 Feb 2014,Test # 2120
197,1.1,0,6,0,5.14,7,1,ODI v Bangladesh,Fatullah,26 Feb 2014,ODI # 3474
198,DNB,-,-,-,-,-,2,ODI v Sri Lanka,Fatullah,28 Feb 2014,ODI # 3476
199,DNB,-,-,-,-,-,2,ODI v Pakistan,Mirpur,2 Mar 2014,ODI # 3479
200,DNB,-,-,-,-,-,1,ODI v Afghanistan,Mirpur,5 Mar 2014,ODI # 3483
201,DNB,-,-,-,-,-,1,T20I v Pakistan,Mirpur,21 Mar 2014,T20I # 378
202,DNB,-,-,-,-,-,1,T20I v West Indies,Mirpur,23 Mar 2014,T20I # 382
203,DNB,-,-,-,-,-,1,T20I v Bangladesh,Mirpur,28 Mar 2014,T20I # 389
204,DNB,-,-,-,-,-,2,T20I v Australia,Mirpur,30 Mar 2014,T20I # 393
205,DNB,-,-,-,-,-,1,T20I v South Africa,Mirpur,4 Apr 2014,T20I # 399
206,DNB,-,-,-,-,-,2,T20I v Sri Lanka,Mirpur,6 Apr 2014,T20I # 400
207,DNB,-,-,-,-,-,2,Test v England,Nottingham,9 Jul 2014,Test # 2128
208,DNB,-,-,-,-,-,2,Test v England,Lord's,17 Jul 2014,Test # 2130
209,DNB,-,-,-,-,-,4,Test v England,Lord's,17 Jul 2014,Test # 2130
210,DNB,-,-,-,-,-,1,Test v England,Southampton,27 Jul 2014,Test # 2132
211,DNB,-,-,-,-,-,3,Test v England,Southampton,27 Jul 2014,Test # 2132
212,DNB,-,-,-,-,-,2,Test v England,Manchester,7 Aug 2014,Test # 2134
213,DNB,-,-,-,-,-,2,Test v England,The Oval,15 Aug 2014,Test # 2137
214,DNB,-,-,-,-,-,2,ODI v England,Cardiff,27 Aug 2014,ODI # 3517
215,DNB,-,-,-,-,-,1,ODI v England,Nottingham,30 Aug 2014,ODI # 3520
216,DNB,-,-,-,-,-,1,ODI v England,Birmingham,2 Sep 2014,ODI # 3523
217,DNB,-,-,-,-,-,1,ODI v England,Leeds,5 Sep 2014,ODI # 3525
218,DNB,-,-,-,-,-,1,T20I v England,Birmingham,7 Sep 2014,T20I # 405
219,DNB,-,-,-,-,-,1,ODI v West Indies,Kochi,8 Oct 2014,ODI # 3531
220,2.0,0,20,0,10.00,6,2,ODI v West Indies,Delhi,11 Oct 2014,ODI # 3533
221,1.0,0,14,0,14.00,4,2,ODI v West Indies,Dharamsala,17 Oct 2014,ODI # 3535
222,0.5,0,6,0,7.20,4,2,ODI v Sri Lanka,Cuttack,2 Nov 2014,ODI # 3539
223,DNB,-,-,-,-,-,1,ODI v Sri Lanka,Ahmedabad,6 Nov 2014,ODI # 3540
224,DNB,-,-,-,-,-,1,ODI v Sri Lanka,Hyderabad,9 Nov 2014,ODI # 3543
225,DNB,-,-,-,-,-,2,ODI v Sri Lanka,Eden Gardens,13 Nov 2014,ODI # 3544
226,DNB,-,-,-,-,-,1,ODI v Sri Lanka,Ranchi,16 Nov 2014,ODI # 3547
227,DNB,-,-,-,-,-,1,Test v Australia,Adelaide,9 Dec 2014,Test # 2148
228,DNB,-,-,-,-,-,3,Test v Australia,Adelaide,9 Dec 2014,Test # 2148
229,DNB,-,-,-,-,-,2,Test v Australia,Brisbane,17 Dec 2014,Test # 2149
230,DNB,-,-,-,-,-,4,Test v Australia,Brisbane,17 Dec 2014,Test # 2149
231,DNB,-,-,-,-,-,1,Test v Australia,Melbourne,26 Dec 2014,Test # 2152
232,DNB,-,-,-,-,-,3,Test v Australia,Melbourne,26 Dec 2014,Test # 2152
233,DNB,-,-,-,-,-,1,Test v Australia,Sydney,6 Jan 2015,Test # 2156
234,DNB,-,-,-,-,-,3,Test v Australia,Sydney,6 Jan 2015,Test # 2156
235,DNB,-,-,-,-,-,2,ODI v Australia,Melbourne,18 Jan 2015,ODI # 3582
236,DNB,-,-,-,-,-,2,ODI v England,Brisbane,20 Jan 2015,ODI # 3586
237,TDNB,-,-,-,-,-,-,ODI v Australia,Sydney,26 Jan 2015,ODI # 3592
238,DNB,-,-,-,-,-,2,ODI v England,W.A.C.A,30 Jan 2015,ODI # 3595
239,DNB,-,-,-,-,-,2,ODI v Pakistan,Adelaide,15 Feb 2015,ODI # 3602
240,DNB,-,-,-,-,-,2,ODI v South Africa,Melbourne,22 Feb 2015,ODI # 3610
241,DNB,-,-,-,-,-,1,ODI v U.A.E.,W.A.C.A,28 Feb 2015,ODI # 3618
242,DNB,-,-,-,-,-,1,ODI v West Indies,W.A.C.A,6 Mar 2015,ODI # 3625
243,DNB,-,-,-,-,-,1,ODI v Ireland,Hamilton,10 Mar 2015,ODI # 3631
244,DNB,-,-,-,-,-,1,ODI v Zimbabwe,Auckland,14 Mar 2015,ODI # 3636
245,DNB,-,-,-,-,-,2,ODI v Bangladesh,Melbourne,19 Mar 2015,ODI # 3641
246,1.0,0,7,0,7.00,4,1,ODI v Australia,Sydney,26 Mar 2015,ODI # 3645
247,DNB,-,-,-,-,-,2,Test v Bangladesh,Fatullah,10 Jun 2015,Test # 2165
248,DNB,-,-,-,-,-,3,Test v Bangladesh,Fatullah,10 Jun 2015,Test # 2165
249,2.0,0,12,0,6.00,7,1,ODI v Bangladesh,Mirpur,18 Jun 2015,ODI # 3658
250,DNB,-,-,-,-,-,2,ODI v Bangladesh,Mirpur,21 Jun 2015,ODI # 3660
251,DNB,-,-,-,-,-,2,ODI v Bangladesh,Mirpur,24 Jun 2015,ODI # 3661
252,DNB,-,-,-,-,-,1,Test v Sri Lanka,Galle,12 Aug 2015,Test # 2176
253,DNB,-,-,-,-,-,3,Test v Sri Lanka,Galle,12 Aug 2015,Test # 2176
254,DNB,-,-,-,-,-,2,Test v Sri Lanka,Colombo (PSS),20 Aug 2015,Test # 2177
255,DNB,-,-,-,-,-,4,Test v Sri Lanka,Colombo (PSS),20 Aug 2015,Test # 2177
256,DNB,-,-,-,-,-,2,Test v Sri Lanka,Colombo (SSC),28 Aug 2015,Test # 2179
257,DNB,-,-,-,-,-,4,Test v Sri Lanka,Colombo (SSC),28 Aug 2015,Test # 2179
258,DNB,-,-,-,-,-,2,T20I v South Africa,Dharamsala,2 Oct 2015,T20I # 456
259,DNB,-,-,-,-,-,2,T20I v South Africa,Cuttack,5 Oct 2015,T20I # 457
260,0.2,0,1,0,3.00,7,1,ODI v South Africa,Kanpur,11 Oct 2015,ODI # 3689
261,DNB,-,-,-,-,-,2,ODI v South Africa,Indore,14 Oct 2015,ODI # 3692
262,DNB,-,-,-,-,-,1,ODI v South Africa,Rajkot,18 Oct 2015,ODI # 3695
263,DNB,-,-,-,-,-,2,ODI v South Africa,Chennai,22 Oct 2015,ODI # 3698
264,2.0,0,14,0,7.00,7,1,ODI v South Africa,Wankhede,25 Oct 2015,ODI # 3700
265,DNB,-,-,-,-,-,2,Test v South Africa,Mohali,5 Nov 2015,Test # 2186
266,DNB,-,-,-,-,-,4,Test v South Africa,Mohali,5 Nov 2015,Test # 2186
267,DNB,-,-,-,-,-,1,Test v South Africa,Bengaluru,14 Nov 2015,Test # 2188
268,DNB,-,-,-,-,-,2,Test v South Africa,Nagpur,25 Nov 2015,Test # 2189
269,DNB,-,-,-,-,-,4,Test v South Africa,Nagpur,25 Nov 2015,Test # 2189
270,DNB,-,-,-,-,-,2,Test v South Africa,Delhi,3 Dec 2015,Test # 2191
271,1.0,1,0,0,0.00,7,4,Test v South Africa,Delhi,3 Dec 2015,Test # 2191
272,2.0,0,13,0,6.50,7,2,ODI v Australia,W.A.C.A,12 Jan 2016,ODI # 3723
273,1.0,0,7,0,7.00,6,2,ODI v Australia,Brisbane,15 Jan 2016,ODI # 3724
274,DNB,-,-,-,-,-,2,ODI v Australia,Melbourne,17 Jan 2016,ODI # 3725
275,DNB,-,-,-,-,-,1,ODI v Australia,Canberra,20 Jan 2016,ODI # 3726
276,DNB,-,-,-,-,-,1,ODI v Australia,Sydney,23 Jan 2016,ODI # 3727
277,DNB,-,-,-,-,-,2,T20I v Australia,Adelaide,26 Jan 2016,T20I # 485
278,DNB,-,-,-,-,-,2,T20I v Australia,Melbourne,29 Jan 2016,T20I # 486
279,DNB,-,-,-,-,-,1,T20I v Australia,Sydney,31 Jan 2016,T20I # 489
280,DNB,-,-,-,-,-,2,T20I v Bangladesh,Mirpur,24 Feb 2016,T20I # 509
281,DNB,-,-,-,-,-,1,T20I v Pakistan,Mirpur,27 Feb 2016,T20I # 512
282,DNB,-,-,-,-,-,1,T20I v Sri Lanka,Mirpur,1 Mar 2016,T20I # 515
283,DNB,-,-,-,-,-,1,T20I v U.A.E.,Mirpur,3 Mar 2016,T20I # 517
284,DNB,-,-,-,-,-,1,T20I v Bangladesh,Mirpur,6 Mar 2016,T20I # 521
285,DNB,-,-,-,-,-,1,T20I v New Zealand,Nagpur,15 Mar 2016,T20I # 535
286,DNB,-,-,-,-,-,1,T20I v Pakistan,Eden Gardens,19 Mar 2016,T20I # 541
287,DNB,-,-,-,-,-,2,T20I v Bangladesh,Bengaluru,23 Mar 2016,T20I # 547
288,DNB,-,-,-,-,-,1,T20I v Australia,Mohali,27 Mar 2016,T20I # 553
289,1.4,0,15,1,9.00,6,2,T20I v West Indies,Wankhede,31 Mar 2016,T20I # 556
290,DNB,-,-,-,-,-,2,Test v West Indies,North Sound,21 Jul 2016,Test # 2207
291,DNB,-,-,-,-,-,3,Test v West Indies,North Sound,21 Jul 2016,Test # 2207
292,DNB,-,-,-,-,-,1,Test v West Indies,Kingston,30 Jul 2016,Test # 2211
293,DNB,-,-,-,-,-,3,Test v West Indies,Kingston,30 Jul 2016,Test # 2211
294,DNB,-,-,-,-,-,2,Test v West Indies,Gros Islet,9 Aug 2016,Test # 2215
295,DNB,-,-,-,-,-,4,Test v West Indies,Gros Islet,9 Aug 2016,Test # 2215
296,DNB,-,-,-,-,-,1,Test v West Indies,Port of Spain,18 Aug 2016,Test # 2218
297,DNB,-,-,-,-,-,1,T20I v West Indies,Lauderhill,27 Aug 2016,T20I # 562
298,DNB,-,-,-,-,-,1,T20I v West Indies,Lauderhill,28 Aug 2016,T20I # 563
299,DNB,-,-,-,-,-,2,Test v New Zealand,Kanpur,22 Sep 2016,Test # 2221
300,DNB,-,-,-,-,-,4,Test v New Zealand,Kanpur,22 Sep 2016,Test # 2221
301,DNB,-,-,-,-,-,2,Test v New Zealand,Eden Gardens,30 Sep 2016,Test # 2222
302,DNB,-,-,-,-,-,4,Test v New Zealand,Eden Gardens,30 Sep 2016,Test # 2222
303,DNB,-,-,-,-,-,2,Test v New Zealand,Indore,8 Oct 2016,Test # 2223
304,DNB,-,-,-,-,-,4,Test v New Zealand,Indore,8 Oct 2016,Test # 2223
305,DNB,-,-,-,-,-,1,ODI v New Zealand,Dharamsala,16 Oct 2016,ODI # 3796
306,DNB,-,-,-,-,-,1,ODI v New Zealand,Delhi,20 Oct 2016,ODI # 3797
307,DNB,-,-,-,-,-,1,ODI v New Zealand,Mohali,23 Oct 2016,ODI # 3798
308,DNB,-,-,-,-,-,1,ODI v New Zealand,Ranchi,26 Oct 2016,ODI # 3799
309,DNB,-,-,-,-,-,2,ODI v New Zealand,Visakhapatnam,29 Oct 2016,ODI # 3800
310,DNB,-,-,-,-,-,1,Test v England,Rajkot,9 Nov 2016,Test # 2232
311,DNB,-,-,-,-,-,3,Test v England,Rajkot,9 Nov 2016,Test # 2232
312,DNB,-,-,-,-,-,2,Test v England,Visakhapatnam,17 Nov 2016,Test # 2235
313,DNB,-,-,-,-,-,4,Test v England,Visakhapatnam,17 Nov 2016,Test # 2235
314,DNB,-,-,-,-,-,1,Test v England,Mohali,26 Nov 2016,Test # 2238
315,DNB,-,-,-,-,-,3,Test v England,Mohali,26 Nov 2016,Test # 2238
316,DNB,-,-,-,-,-,1,Test v England,Wankhede,8 Dec 2016,Test # 2239
317,DNB,-,-,-,-,-,3,Test v England,Wankhede,8 Dec 2016,Test # 2239
318,DNB,-,-,-,-,-,1,Test v England,Chennai,16 Dec 2016,Test # 2241
319,DNB,-,-,-,-,-,3,Test v England,Chennai,16 Dec 2016,Test # 2241
320,DNB,-,-,-,-,-,1,ODI v England,Pune,15 Jan 2017,ODI # 3819
321,DNB,-,-,-,-,-,2,ODI v England,Cuttack,19 Jan 2017,ODI # 3821
322,DNB,-,-,-,-,-,1,ODI v England,Eden Gardens,22 Jan 2017,ODI # 3824
323,DNB,-,-,-,-,-,2,T20I v England,Kanpur,26 Jan 2017,T20I # 592
324,DNB,-,-,-,-,-,2,T20I v England,Nagpur,29 Jan 2017,T20I # 593
325,DNB,-,-,-,-,-,2,T20I v England,Bengaluru,1 Feb 2017,T20I # 594
326,DNB,-,-,-,-,-,2,Test v Bangladesh,Hyderabad,9 Feb 2017,Test # 2249
327,DNB,-,-,-,-,-,4,Test v Bangladesh,Hyderabad,9 Feb 2017,Test # 2249
328,DNB,-,-,-,-,-,1,Test v Australia,Pune,23 Feb 2017,Test # 2250
329,DNB,-,-,-,-,-,3,Test v Australia,Pune,23 Feb 2017,Test # 2250
330,DNB,-,-,-,-,-,2,Test v Australia,Bengaluru,4 Mar 2017,Test # 2251
331,DNB,-,-,-,-,-,4,Test v Australia,Bengaluru,4 Mar 2017,Test # 2251
332,DNB,-,-,-,-,-,1,Test v Australia,Ranchi,16 Mar 2017,Test # 2256
333,DNB,-,-,-,-,-,3,Test v Australia,Ranchi,16 Mar 2017,Test # 2256
334,DNB,-,-,-,-,-,2,ODI v Pakistan,Birmingham,4 Jun 2017,ODI # 3878
335,3.0,0,17,0,5.66,7,2,ODI v Sri Lanka,The Oval,8 Jun 2017,ODI # 3882
336,DNB,-,-,-,-,-,1,ODI v South Africa,The Oval,11 Jun 2017,ODI # 3886
337,DNB,-,-,-,-,-,1,ODI v Bangladesh,Birmingham,15 Jun 2017,ODI # 3891
338,DNB,-,-,-,-,-,1,ODI v Pakistan,The Oval,18 Jun 2017,ODI # 3894
339,TDNB,-,-,-,-,-,-,ODI v West Indies,Port of Spain,23 Jun 2017,ODI # 3895
340,DNB,-,-,-,-,-,2,ODI v West Indies,Port of Spain,25 Jun 2017,ODI # 3896
341,DNB,-,-,-,-,-,2,ODI v West Indies,North Sound,30 Jun 2017,ODI # 3898
342,DNB,-,-,-,-,-,1,ODI v West Indies,North Sound,2 Jul 2017,ODI # 3900
343,DNB,-,-,-,-,-,1,ODI v West Indies,Kingston,6 Jul 2017,ODI # 3902
344,DNB,-,-,-,-,-,2,T20I v West Indies,Kingston,9 Jul 2017,T20I # 617
345,DNB,-,-,-,-,-,2,Test v Sri Lanka,Galle,26 Jul 2017,Test # 2265
346,DNB,-,-,-,-,-,4,Test v Sri Lanka,Galle,26 Jul 2017,Test # 2265
347,DNB,-,-,-,-,-,2,Test v Sri Lanka,Colombo (SSC),3 Aug 2017,Test # 2267
348,DNB,-,-,-,-,-,3,Test v Sri Lanka,Colombo (SSC),3 Aug 2017,Test # 2267
349,DNB,-,-,-,-,-,2,Test v Sri Lanka,Pallekele,12 Aug 2017,Test # 2269
350,DNB,-,-,-,-,-,3,Test v Sri Lanka,Pallekele,12 Aug 2017,Test # 2269
351,DNB,-,-,-,-,-,1,ODI v Sri Lanka,Dambulla,20 Aug 2017,ODI # 3905
352,DNB,-,-,-,-,-,1,ODI v Sri Lanka,Pallekele,24 Aug 2017,ODI # 3906
353,DNB,-,-,-,-,-,1,ODI v Sri Lanka,Pallekele,27 Aug 2017,ODI # 3907
354,2.0,0,12,0,6.00,4,2,ODI v Sri Lanka,Colombo (RPS),31 Aug 2017,ODI # 3908
355,DNB,-,-,-,-,-,1,ODI v Sri Lanka,Colombo (RPS),3 Sep 2017,ODI # 3909
356,DNB,-,-,-,-,-,1,T20I v Sri Lanka,Colombo (RPS),6 Sep 2017,T20I # 618
357,DNB,-,-,-,-,-,2,ODI v Australia,Chennai,17 Sep 2017,ODI # 3910
358,DNB,-,-,-,-,-,2,ODI v Australia,Eden Gardens,21 Sep 2017,ODI # 3912
359,DNB,-,-,-,-,-,1,ODI v Australia,Indore,24 Sep 2017,ODI # 3914
360,DNB,-,-,-,-,-,1,ODI v Australia,Bengaluru,28 Sep 2017,ODI # 3917
361,DNB,-,-,-,-,-,1,ODI v Australia,Nagpur,1 Oct 2017,ODI # 3919
362,DNB,-,-,-,-,-,1,T20I v Australia,Ranchi,7 Oct 2017,T20I # 623
363,DNB,-,-,-,-,-,2,T20I v Australia,Guwahati,10 Oct 2017,T20I # 624
364,DNB,-,-,-,-,-,2,ODI v New Zealand,Wankhede,22 Oct 2017,ODI # 3928
365,DNB,-,-,-,-,-,1,ODI v New Zealand,Pune,25 Oct 2017,ODI # 3931
366,DNB,-,-,-,-,-,2,ODI v New Zealand,Kanpur,29 Oct 2017,ODI # 3932
367,DNB,-,-,-,-,-,2,T20I v New Zealand,Delhi,1 Nov 2017,T20I # 630
368,DNB,-,-,-,-,-,1,T20I v New Zealand,Rajkot,4 Nov 2017,T20I # 631
369,DNB,-,-,-,-,-,2,T20I v New Zealand,Thiruvananthapuram,7 Nov 2017,T20I # 632
370,1.1,0,5,0,4.28,5,2,Test v Sri Lanka,Eden Gardens,16 Nov 2017,Test # 2281
371,DNB,-,-,-,-,-,4,Test v Sri Lanka,Eden Gardens,16 Nov 2017,Test # 2281
372,DNB,-,-,-,-,-,1,Test v Sri Lanka,Nagpur,24 Nov 2017,Test # 2283
373,DNB,-,-,-,-,-,3,Test v Sri Lanka,Nagpur,24 Nov 2017,Test # 2283
374,DNB,-,-,-,-,-,2,Test v Sri Lanka,Delhi,2 Dec 2017,Test # 2286
375,1.0,0,1,0,1.00,6,4,Test v Sri Lanka,Delhi,2 Dec 2017,Test # 2286
376,DNB,-,-,-,-,-,1,Test v South Africa,Cape Town,5 Jan 2018,Test # 2292
377,DNB,-,-,-,-,-,3,Test v South Africa,Cape Town,5 Jan 2018,Test # 2292
378,DNB,-,-,-,-,-,1,Test v South Africa,Centurion,13 Jan 2018,Test # 2293
379,DNB,-,-,-,-,-,3,Test v South Africa,Centurion,13 Jan 2018,Test # 2293
380,DNB,-,-,-,-,-,2,Test v South Africa,Johannesburg,24 Jan 2018,Test # 2294
381,DNB,-,-,-,-,-,4,Test v South Africa,Johannesburg,24 Jan 2018,Test # 2294
382,DNB,-,-,-,-,-,1,ODI v South Africa,Durban,1 Feb 2018,ODI # 3969
383,DNB,-,-,-,-,-,1,ODI v South Africa,Centurion,4 Feb 2018,ODI # 3970
384,DNB,-,-,-,-,-,2,ODI v South Africa,Cape Town,7 Feb 2018,ODI # 3971
385,DNB,-,-,-,-,-,2,ODI v South Africa,Johannesburg,10 Feb 2018,ODI # 3973
386,DNB,-,-,-,-,-,2,ODI v South Africa,Gqeberha,13 Feb 2018,ODI # 3976
387,DNB,-,-,-,-,-,1,ODI v South Africa,Centurion,16 Feb 2018,ODI # 3978
388,DNB,-,-,-,-,-,2,T20I v South Africa,Johannesburg,18 Feb 2018,T20I # 652
389,DNB,-,-,-,-,-,2,T20I v South Africa,Centurion,21 Feb 2018,T20I # 654
390,DNB,-,-,-,-,-,2,T20I v Ireland,Dublin (Malahide),27 Jun 2018,T20I # 678
391,DNB,-,-,-,-,-,2,T20I v Ireland,Dublin (Malahide),29 Jun 2018,T20I # 680
392,DNB,-,-,-,-,-,1,T20I v England,Manchester,3 Jul 2018,T20I # 684
393,DNB,-,-,-,-,-,2,T20I v England,Cardiff,6 Jul 2018,T20I # 688
394,DNB,-,-,-,-,-,1,T20I v England,Bristol,8 Jul 2018,T20I # 690
395,DNB,-,-,-,-,-,1,ODI v England,Nottingham,12 Jul 2018,ODI # 4014
396,DNB,-,-,-,-,-,1,ODI v England,Lord's,14 Jul 2018,ODI # 4016
397,DNB,-,-,-,-,-,2,ODI v England,Leeds,17 Jul 2018,ODI # 4018
398,DNB,-,-,-,-,-,1,Test v England,Birmingham,1 Aug 2018,Test # 2314
399,DNB,-,-,-,-,-,3,Test v England,Birmingham,1 Aug 2018,Test # 2314
400,DNB,-,-,-,-,-,2,Test v England,Lord's,9 Aug 2018,Test # 2315
401,DNB,-,-,-,-,-,2,Test v England,Nottingham,18 Aug 2018,Test # 2316
402,DNB,-,-,-,-,-,4,Test v England,Nottingham,18 Aug 2018,Test # 2316
403,DNB,-,-,-,-,-,1,Test v England,Southampton,30 Aug 2018,Test # 2317
404,DNB,-,-,-,-,-,3,Test v England,Southampton,30 Aug 2018,Test # 2317
405,DNB,-,-,-,-,-,1,Test v England,The Oval,7 Sep 2018,Test # 2318
406,DNB,-,-,-,-,-,3,Test v England,The Oval,7 Sep 2018,Test # 2318
407,DNB,-,-,-,-,-,2,Test v West Indies,Rajkot,4 Oct 2018,Test # 2319
408,DNB,-,-,-,-,-,3,Test v West Indies,Rajkot,4 Oct 2018,Test # 2319
409,DNB,-,-,-,-,-,1,Test v West Indies,Hyderabad,12 Oct 2018,Test # 2321
410,DNB,-,-,-,-,-,3,Test v West Indies,Hyderabad,12 Oct 2018,Test # 2321
411,DNB,-,-,-,-,-,1,ODI v West Indies,Guwahati,21 Oct 2018,ODI # 4056
412,DNB,-,-,-,-,-,2,ODI v West Indies,Visakhapatnam,24 Oct 2018,ODI # 4059
413,DNB,-,-,-,-,-,1,ODI v West Indies,Pune,27 Oct 2018,ODI # 4062
414,DNB,-,-,-,-,-,2,ODI v West Indies,Brabourne,29 Oct 2018,ODI # 4063
415,DNB,-,-,-,-,-,1,ODI v West Indies,Thiruvananthapuram,1 Nov 2018,ODI # 4064
416,DNB,-,-,-,-,-,1,T20I v Australia,Brisbane,21 Nov 2018,T20I # 712
417,DNB,-,-,-,-,-,1,T20I v Australia,Melbourne,23 Nov 2018,T20I # 713
418,DNB,-,-,-,-,-,1,T20I v Australia,Sydney,25 Nov 2018,T20I # 714
419,DNB,-,-,-,-,-,2,Test v Australia,Adelaide,6 Dec 2018,Test # 2333
420,DNB,-,-,-,-,-,4,Test v Australia,Adelaide,6 Dec 2018,Test # 2333
421,DNB,-,-,-,-,-,1,Test v Australia,Perth,14 Dec 2018,Test # 2334
422,DNB,-,-,-,-,-,3,Test v Australia,Perth,14 Dec 2018,Test # 2334
423,DNB,-,-,-,-,-,2,Test v Australia,Melbourne,26 Dec 2018,Test # 2337
424,DNB,-,-,-,-,-,4,Test v Australia,Melbourne,26 Dec 2018,Test # 2337
425,DNB,-,-,-,-,-,2,Test v Australia,Sydney,3 Jan 2019,Test # 2339
426,DNB,-,-,-,-,-,3,Test v Australia,Sydney,3 Jan 2019,Test # 2339
427,DNB,-,-,-,-,-,1,ODI v Australia,Sydney,12 Jan 2019,ODI # 4077
428,DNB,-,-,-,-,-,1,ODI v Australia,Adelaide,15 Jan 2019,ODI # 4078
429,DNB,-,-,-,-,-,1,ODI v Australia,Melbourne,18 Jan 2019,ODI # 4079
430,DNB,-,-,-,-,-,1,ODI v New Zealand,Napier,23 Jan 2019,ODI # 4082
431,DNB,-,-,-,-,-,2,ODI v New Zealand,Mount Maunganui,26 Jan 2019,ODI # 4085
432,DNB,-,-,-,-,-,1,ODI v New Zealand,Mount Maunganui,28 Jan 2019,ODI # 4088
433,DNB,-,-,-,-,-,2,T20I v Australia,Visakhapatnam,24 Feb 2019,T20I # 748
434,DNB,-,-,-,-,-,2,T20I v Australia,Bengaluru,27 Feb 2019,T20I # 749
435,DNB,-,-,-,-,-,1,ODI v Australia,Hyderabad,2 Mar 2019,ODI # 4102
436,DNB,-,-,-,-,-,2,ODI v Australia,Nagpur,5 Mar 2019,ODI # 4106
437,DNB,-,-,-,-,-,1,ODI v Australia,Ranchi,8 Mar 2019,ODI # 4109
438,DNB,-,-,-,-,-,2,ODI v Australia,Mohali,10 Mar 2019,ODI # 4111
439,DNB,-,-,-,-,-,1,ODI v Australia,Delhi,13 Mar 2019,ODI # 4113
440,DNB,-,-,-,-,-,1,ODI v South Africa,Southampton,5 Jun 2019,ODI # 4150
441,DNB,-,-,-,-,-,2,ODI v Australia,The Oval,9 Jun 2019,ODI # 4155
442,DNB,-,-,-,-,-,2,ODI v Pakistan,Manchester,16 Jun 2019,ODI # 4161
443,DNB,-,-,-,-,-,2,ODI v Afghanistan,Southampton,22 Jun 2019,ODI # 4169
444,DNB,-,-,-,-,-,2,ODI v West Indies,Manchester,27 Jun 2019,ODI # 4175
445,DNB,-,-,-,-,-,1,ODI v England,Birmingham,30 Jun 2019,ODI # 4179
446,DNB,-,-,-,-,-,2,ODI v Bangladesh,Birmingham,2 Jul 2019,ODI # 4182
447,DNB,-,-,-,-,-,1,ODI v Sri Lanka,Leeds,6 Jul 2019,ODI # 4187
448,DNB,-,-,-,-,-,1,ODI v New Zealand,Manchester,9 Jul 2019,ODI # 4190
449,DNB,-,-,-,-,-,1,T20I v West Indies,Lauderhill,3 Aug 2019,T20I # 842
450,DNB,-,-,-,-,-,2,T20I v West Indies,Lauderhill,4 Aug 2019,T20I # 843
451,DNB,-,-,-,-,-,1,T20I v West Indies,Providence,6 Aug 2019,T20I # 846
452,DNB,-,-,-,-,-,1,ODI v West Indies,Providence,8 Aug 2019,ODI # 4196
453,DNB,-,-,-,-,-,2,ODI v West Indies,Port of Spain,11 Aug 2019,ODI # 4197
454,DNB,-,-,-,-,-,1,ODI v West Indies,Port of Spain,14 Aug 2019,ODI # 4199
455,DNB,-,-,-,-,-,2,Test v West Indies,North Sound,22 Aug 2019,Test # 2358
456,DNB,-,-,-,-,-,4,Test v West Indies,North Sound,22 Aug 2019,Test # 2358
457,DNB,-,-,-,-,-,2,Test v West Indies,Kingston,30 Aug 2019,Test # 2359
458,DNB,-,-,-,-,-,4,Test v West Indies,Kingston,30 Aug 2019,Test # 2359
459,DNB,-,-,-,-,-,1,T20I v South Africa,Mohali,18 Sep 2019,T20I # 888
460,DNB,-,-,-,-,-,2,T20I v South Africa,Bengaluru,22 Sep 2019,T20I # 893
461,DNB,-,-,-,-,-,2,Test v South Africa,Visakhapatnam,2 Oct 2019,Test # 2363
462,DNB,-,-,-,-,-,4,Test v South Africa,Visakhapatnam,2 Oct 2019,Test # 2363
463,DNB,-,-,-,-,-,2,Test v South Africa,Pune,10 Oct 2019,Test # 2364
464,1.0,0,4,0,4.00,7,3,Test v South Africa,Pune,10 Oct 2019,Test # 2364
465,DNB,-,-,-,-,-,2,Test v South Africa,Ranchi,19 Oct 2019,Test # 2365
466,DNB,-,-,-,-,-,3,Test v South Africa,Ranchi,19 Oct 2019,Test # 2365
467,DNB,-,-,-,-,-,1,Test v Bangladesh,Indore,14 Nov 2019,Test # 2366
468,DNB,-,-,-,-,-,3,Test v Bangladesh,Indore,14 Nov 2019,Test # 2366
469,DNB,-,-,-,-,-,1,Test v Bangladesh,Eden Gardens,22 Nov 2019,Test # 2369
470,DNB,-,-,-,-,-,3,Test v Bangladesh,Eden Gardens,22 Nov 2019,Test # 2369
471,DNB,-,-,-,-,-,1,T20I v West Indies,Hyderabad,6 Dec 2019,T20I # 1020
472,DNB,-,-,-,-,-,2,T20I v West Indies,Thiruvananthapuram,8 Dec 2019,T20I # 1022
473,DNB,-,-,-,-,-,2,T20I v West Indies,Wankhede,11 Dec 2019,T20I # 1024
474,DNB,-,-,-,-,-,2,ODI v West Indies,Chennai,15 Dec 2019,ODI # 4221
475,DNB,-,-,-,-,-,2,ODI v West Indies,Visakhapatnam,18 Dec 2019,ODI # 4222
476,DNB,-,-,-,-,-,1,ODI v West Indies,Cuttack,22 Dec 2019,ODI # 4223
477,TDNB,-,-,-,-,-,-,T20I v Sri Lanka,Guwahati,5 Jan 2020,T20I # 1025
478,DNB,-,-,-,-,-,1,T20I v Sri Lanka,Indore,7 Jan 2020,T20I # 1026
479,DNB,-,-,-,-,-,2,T20I v Sri Lanka,Pune,10 Jan 2020,T20I # 1027
480,DNB,-,-,-,-,-,2,ODI v Australia,Wankhede,14 Jan 2020,ODI # 4231
481,DNB,-,-,-,-,-,2,ODI v Australia,Rajkot,17 Jan 2020,ODI # 4232
482,DNB,-,-,-,-,-,1,ODI v Australia,Bengaluru,19 Jan 2020,ODI # 4233
483,DNB,-,-,-,-,-,1,T20I v New Zealand,Auckland,24 Jan 2020,T20I # 1031
484,DNB,-,-,-,-,-,1,T20I v New Zealand,Auckland,26 Jan 2020,T20I # 1034
485,DNB,-,-,-,-,-,2,T20I v New Zealand,Hamilton,29 Jan 2020,T20I # 1035
486,DNB,-,-,-,-,-,2,T20I v New Zealand,Wellington,31 Jan 2020,T20I # 1036
487,DNB,-,-,-,-,-,2,ODI v New Zealand,Hamilton,5 Feb 2020,ODI # 4235
488,DNB,-,-,-,-,-,1,ODI v New Zealand,Auckland,8 Feb 2020,ODI # 4239
489,DNB,-,-,-,-,-,2,ODI v New Zealand,Mount Maunganui,11 Feb 2020,ODI # 4243
490,DNB,-,-,-,-,-,2,Test v New Zealand,Wellington,21 Feb 2020,Test # 2385
491,DNB,-,-,-,-,-,4,Test v New Zealand,Wellington,21 Feb 2020,Test # 2385
492,DNB,-,-,-,-,-,2,Test v New Zealand,Christchurch,29 Feb 2020,Test # 2387
493,1.0,0,4,0,4.00,5,4,Test v New Zealand,Christchurch,29 Feb 2020,Test # 2387
494,DNB,-,-,-,-,-,1,ODI v Australia,Sydney,27 Nov 2020,ODI # 4265
495,DNB,-,-,-,-,-,1,ODI v Australia,Sydney,29 Nov 2020,ODI # 4266
496,DNB,-,-,-,-,-,2,ODI v Australia,Canberra,2 Dec 2020,ODI # 4267
497,DNB,-,-,-,-,-,2,T20I v Australia,Canberra,4 Dec 2020,T20I # 1114
498,DNB,-,-,-,-,-,1,T20I v Australia,Sydney,6 Dec 2020,T20I # 1115
499,DNB,-,-,-,-,-,1,T20I v Australia,Sydney,8 Dec 2020,T20I # 1116
500,DNB,-,-,-,-,-,2,Test v Australia,Adelaide,17 Dec 2020,Test # 2396
501,DNB,-,-,-,-,-,4,Test v Australia,Adelaide,17 Dec 2020,Test # 2396
502,DNB,-,-,-,-,-,1,Test v England,Chennai,5 Feb 2021,Test # 2409
503,DNB,-,-,-,-,-,3,Test v England,Chennai,5 Feb 2021,Test # 2409
504,DNB,-,-,-,-,-,2,Test v England,Chennai,13 Feb 2021,Test # 2411
505,DNB,-,-,-,-,-,4,Test v England,Chennai,13 Feb 2021,Test # 2411
506,DNB,-,-,-,-,-,1,Test v England,Ahmedabad,24 Feb 2021,Test # 2412
507,DNB,-,-,-,-,-,3,Test v England,Ahmedabad,24 Feb 2021,Test # 2412
508,DNB,-,-,-,-,-,1,Test v England,Ahmedabad,4 Mar 2021,Test # 2414
509,DNB,-,-,-,-,-,3,Test v England,Ahmedabad,4 Mar 2021,Test # 2414
510,DNB,-,-,-,-,-,2,T20I v England,Ahmedabad,12 Mar 2021,T20I # 1131
511,DNB,-,-,-,-,-,1,T20I v England,Ahmedabad,14 Mar 2021,T20I # 1132
512,DNB,-,-,-,-,-,2,T20I v England,Ahmedabad,16 Mar 2021,T20I # 1133
513,DNB,-,-,-,-,-,2,T20I v England,Ahmedabad,18 Mar 2021,T20I # 1135
514,DNB,-,-,-,-,-,2,T20I v England,Ahmedabad,20 Mar 2021,T20I # 1138
515,DNB,-,-,-,-,-,2,ODI v England,Pune,23 Mar 2021,ODI # 4281
516,DNB,-,-,-,-,-,2,ODI v England,Pune,26 Mar 2021,ODI # 4283
517,DNB,-,-,-,-,-,2,ODI v England,Pune,28 Mar 2021,ODI # 4284
518,DNB,-,-,-,-,-,2,Test v New Zealand,Southampton,18 Jun 2021,Test # 2425
519,DNB,-,-,-,-,-,4,Test v New Zealand,Southampton,18 Jun 2021,Test # 2425
520,DNB,-,-,-,-,-,1,Test v England,Nottingham,4 Aug 2021,Test # 2428
521,DNB,-,-,-,-,-,3,Test v England,Nottingham,4 Aug 2021,Test # 2428
522,DNB,-,-,-,-,-,2,Test v England,Lord's,12 Aug 2021,Test # 2429
523,DNB,-,-,-,-,-,4,Test v England,Lord's,12 Aug 2021,Test # 2429
524,DNB,-,-,-,-,-,2,Test v England,Leeds,25 Aug 2021,Test # 2432
525,DNB,-,-,-,-,-,2,Test v England,The Oval,2 Sep 2021,Test # 2433
526,DNB,-,-,-,-,-,4,Test v England,The Oval,2 Sep 2021,Test # 2433
527,DNB,-,-,-,-,-,2,T20I v Pakistan,Dubai (DICS),24 Oct 2021,T20I # 1361
528,DNB,-,-,-,-,-,2,T20I v New Zealand,Dubai (DICS),31 Oct 2021,T20I # 1381
529,DNB,-,-,-,-,-,2,T20I v Afghanistan,Abu Dhabi,3 Nov 2021,T20I # 1390
530,DNB,-,-,-,-,-,1,T20I v Scotland,Dubai (DICS),5 Nov 2021,T20I # 1396
531,DNB,-,-,-,-,-,1,T20I v Namibia,Dubai (DICS),8 Nov 2021,T20I # 1410
532,DNB,-,-,-,-,-,2,Test v New Zealand,Wankhede,3 Dec 2021,Test # 2438
533,DNB,-,-,-,-,-,4,Test v New Zealand,Wankhede,3 Dec 2021,Test # 2438
534,DNB,-,-,-,-,-,2,Test v South Africa,Centurion,26 Dec 2021,Test # 2443
535,DNB,-,-,-,-,-,4,Test v South Africa,Centurion,26 Dec 2021,Test # 2443
536,DNB,-,-,-,-,-,2,Test v South Africa,Cape Town,11 Jan 2022,Test # 2448
537,DNB,-,-,-,-,-,4,Test v South Africa,Cape Town,11 Jan 2022,Test # 2448
538,DNB,-,-,-,-,-,1,ODI v South Africa,Paarl,19 Jan 2022,ODI # 4344
539,DNB,-,-,-,-,-,2,ODI v South Africa,Paarl,21 Jan 2022,ODI # 4346
540,DNB,-,-,-,-,-,1,ODI v South Africa,Cape Town,23 Jan 2022,ODI # 4349
541,DNB,-,-,-,-,-,1,ODI v West Indies,Ahmedabad,6 Feb 2022,ODI # 4353
542,DNB,-,-,-,-,-,2,ODI v West Indies,Ahmedabad,9 Feb 2022,ODI # 4355
543,DNB,-,-,-,-,-,2,ODI v West Indies,Ahmedabad,11 Feb 2022,ODI # 4356
544,DNB,-,-,-,-,-,1,T20I v West Indies,Eden Gardens,16 Feb 2022,T20I # 1467
545,DNB,-,-,-,-,-,2,T20I v West Indies,Eden Gardens,18 Feb 2022,T20I # 1473
546,DNB,-,-,-,-,-,2,Test v Sri Lanka,Mohali,4 Mar 2022,Test # 2452
547,DNB,-,-,-,-,-,3,Test v Sri Lanka,Mohali,4 Mar 2022,Test # 2452
548,DNB,-,-,-,-,-,2,Test v Sri Lanka,Bengaluru,12 Mar 2022,Test # 2456
549,DNB,-,-,-,-,-,4,Test v Sri Lanka,Bengaluru,12 Mar 2022,Test # 2456
550,DNB,-,-,-,-,-,2,Test v England,Birmingham,1 Jul 2022,Test # 2470
551,DNB,-,-,-,-,-,4,Test v England,Birmingham,1 Jul 2022,Test # 2470
552,DNB,-,-,-,-,-,2,T20I v England,Birmingham,9 Jul 2022,T20I # 1628
553,DNB,-,-,-,-,-,1,T20I v England,Nottingham,10 Jul 2022,T20I # 1631
554,DNB,-,-,-,-,-,1,ODI v England,Lord's,14 Jul 2022,ODI # 4428
555,DNB,-,-,-,-,-,1,ODI v England,Manchester,17 Jul 2022,ODI # 4433
556,DNB,-,-,-,-,-,1,T20I v Pakistan,Dubai (DICS),28 Aug 2022,T20I # 1750
557,1.0,0,6,0,6.00,6,2,T20I v Hong Kong,Dubai (DICS),31 Aug 2022,T20I # 1754
558,DNB,-,-,-,-,-,2,T20I v Pakistan,Dubai (DICS),4 Sep 2022,T20I # 1758
559,DNB,-,-,-,-,-,2,T20I v Sri Lanka,Dubai (DICS),6 Sep 2022,T20I # 1759
560,DNB,-,-,-,-,-,2,T20I v Afghanistan,Dubai (DICS),8 Sep 2022,T20I # 1761
561,DNB,-,-,-,-,-,2,T20I v Australia,Mohali,20 Sep 2022,T20I # 1788
562,DNB,-,-,-,-,-,1,T20I v Australia,Nagpur,23 Sep 2022,T20I # 1794
563,DNB,-,-,-,-,-,1,T20I v Australia,Hyderabad,25 Sep 2022,T20I # 1796
564,DNB,-,-,-,-,-,1,T20I v South Africa,Thiruvananthapuram,28 Sep 2022,T20I # 1800
565,DNB,-,-,-,-,-,2,T20I v South Africa,Guwahati,2 Oct 2022,T20I # 1803
566,DNB,-,-,-,-,-,1,T20I v Pakistan,Melbourne,23 Oct 2022,T20I # 1842
567,DNB,-,-,-,-,-,2,T20I v Netherlands,Sydney,27 Oct 2022,T20I # 1848
568,DNB,-,-,-,-,-,2,T20I v South Africa,Perth,30 Oct 2022,T20I # 1853
569,DNB,-,-,-,-,-,2,T20I v Bangladesh,Adelaide,2 Nov 2022,T20I # 1860
570,DNB,-,-,-,-,-,2,T20I v Zimbabwe,Melbourne,6 Nov 2022,T20I # 1873
571,DNB,-,-,-,-,-,2,T20I v England,Adelaide,10 Nov 2022,T20I # 1878
572,DNB,-,-,-,-,-,2,ODI v Bangladesh,Mirpur,4 Dec 2022,ODI # 4493
573,DNB,-,-,-,-,-,1,ODI v Bangladesh,Mirpur,7 Dec 2022,ODI # 4496
574,DNB,-,-,-,-,-,2,ODI v Bangladesh,Chattogram,10 Dec 2022,ODI # 4499
575,DNB,-,-,-,-,-,2,Test v Bangladesh,Chattogram,14 Dec 2022,Test # 2481
576,DNB,-,-,-,-,-,4,Test v Bangladesh,Chattogram,14 Dec 2022,Test # 2481
577,DNB,-,-,-,-,-,1,Test v Bangladesh,Mirpur,22 Dec 2022,Test # 2484
578,DNB,-,-,-,-,-,3,Test v Bangladesh,Mirpur,22 Dec 2022,Test # 2484
579,DNB,-,-,-,-,-,2,ODI v Sri Lanka,Guwahati,10 Jan 2023,ODI # 4501
580,DNB,-,-,-,-,-,1,ODI v Sri Lanka,Eden Gardens,12 Jan 2023,ODI # 4503
581,DNB,-,-,-,-,-,2,ODI v Sri Lanka,Thiruvananthapuram,15 Jan 2023,ODI # 4505
582,DNB,-,-,-,-,-,2,ODI v New Zealand,Hyderabad,18 Jan 2023,ODI # 4507
583,DNB,-,-,-,-,-,1,ODI v New Zealand,Raipur,21 Jan 2023,ODI # 4509
584,DNB,-,-,-,-,-,2,ODI v New Zealand,Indore,24 Jan 2023,ODI # 4511
585,DNB,-,-,-,-,-,1,Test v Australia,Nagpur,9 Feb 2023,Test # 2490
586,DNB,-,-,-,-,-,3,Test v Australia,Nagpur,9 Feb 2023,Test # 2490
587,DNB,-,-,-,-,-,1,Test v Australia,Delhi,17 Feb 2023,Test # 2493
588,DNB,-,-,-,-,-,3,Test v Australia,Delhi,17 Feb 2023,Test # 2493
589,DNB,-,-,-,-,-,2,Test v Australia,Indore,1 Mar 2023,Test # 2496
590,DNB,-,-,-,-,-,4,Test v Australia,Indore,1 Mar 2023,Test # 2496
591,DNB,-,-,-,-,-,1,Test v Australia,Ahmedabad,9 Mar 2023,Test # 2499
592,DNB,-,-,-,-,-,3,Test v Australia,Ahmedabad,9 Mar 2023,Test # 2499
593,DNB,-,-,-,-,-,1,ODI v Australia,Wankhede,17 Mar 2023,ODI # 4538
594,DNB,-,-,-,-,-,2,ODI v Australia,Visakhapatnam,19 Mar 2023,ODI # 4541
595,DNB,-,-,-,-,-,1,ODI v Australia,Chennai,22 Mar 2023,ODI # 4545
596,DNB,-,-,-,-,-,1,Test v Australia,The Oval,7 Jun 2023,Test # 2505
597,DNB,-,-,-,-,-,3,Test v Australia,The Oval,7 Jun 2023,Test # 2505
598,DNB,-,-,-,-,-,1,Test v West Indies,Roseau,12 Jul 2023,Test # 2510
599,DNB,-,-,-,-,-,3,Test v West Indies,Roseau,12 Jul 2023,Test # 2510
600,DNB,-,-,-,-,-,2,Test v West Indies,Port of Spain,20 Jul 2023,Test # 2513
601,DNB,-,-,-,-,-,4,Test v West Indies,Port of Spain,20 Jul 2023,Test # 2513
602,DNB,-,-,-,-,-,1,ODI v West Indies,Bridgetown,27 Jul 2023,ODI # 4622
603,TDNB,-,-,-,-,-,-,ODI v Pakistan,Pallekele,2 Sep 2023,ODI # 4630
604,DNB,-,-,-,-,-,1,ODI v Nepal,Pallekele,4 Sep 2023,ODI # 4632
605,DNB,-,-,-,-,-,2,ODI v Pakistan,Colombo (RPS),10 Sep 2023,ODI # 4639
606,DNB,-,-,-,-,-,2,ODI v Sri Lanka,Colombo (RPS),12 Sep 2023,ODI # 4641
607,DNB,-,-,-,-,-,1,ODI v Sri Lanka,Colombo (RPS),17 Sep 2023,ODI # 4649
608,DNB,-,-,-,-,-,1,ODI v Australia,Rajkot,27 Sep 2023,ODI # 4657
609,DNB,-,-,-,-,-,1,ODI v Australia,Chennai,8 Oct 2023,ODI # 4662
610,DNB,-,-,-,-,-,1,ODI v Afghanistan,Delhi,11 Oct 2023,ODI # 4666
611,DNB,-,-,-,-,-,1,ODI v Pakistan,Ahmedabad,14 Oct 2023,ODI # 4669
612,0.3,0,2,0,4.00,4,1,ODI v Bangladesh,Pune,19 Oct 2023,ODI # 4674
613,DNB,-,-,-,-,-,1,ODI v New Zealand,Dharamsala,22 Oct 2023,ODI # 4678
614,DNB,-,-,-,-,-,2,ODI v England,Lucknow,29 Oct 2023,ODI # 4686
615,DNB,-,-,-,-,-,2,ODI v Sri Lanka,Wankhede,2 Nov 2023,ODI # 4690
616,DNB,-,-,-,-,-,2,ODI v South Africa,Eden Gardens,5 Nov 2023,ODI # 4694
617,3.0,0,13,1,4.33,6,2,ODI v Netherlands,Bengaluru,12 Nov 2023,ODI # 4702
618,DNB,-,-,-,-,-,2,ODI v New Zealand,Wankhede,15 Nov 2023,ODI # 4703
619,DNB,-,-,-,-,-,2,ODI v Australia,Ahmedabad,19 Nov 2023,ODI # 4705
620,DNB,-,-,-,-,-,2,Test v South Africa,Centurion,26 Dec 2023,Test # 2520
621,DNB,-,-,-,-,-,1,Test v South Africa,Cape Town,3 Jan 2024,Test # 2522
622,DNB,-,-,-,-,-,3,Test v South Africa,Cape Town,3 Jan 2024,Test # 2522
623,DNB,-,-,-,-,-,1,T20I v Afghanistan,Indore,14 Jan 2024,T20I # 2431
624,DNB,-,-,-,-,-,2,T20I v Afghanistan,Bengaluru,17 Jan 2024,T20I # 2435
625,DNB,-,-,-,-,-,1,T20I v Ireland,New York,5 Jun 2024,T20I # 2639
626,DNB,-,-,-,-,-,2,T20I v Pakistan,New York,9 Jun 2024,T20I # 2658
627,DNB,-,-,-,-,-,1,T20I v U.S.A.,New York,12 Jun 2024,T20I # 2671
628,DNB,-,-,-,-,-,2,T20I v Afghanistan,Bridgetown,20 Jun 2024,T20I # 2710
629,DNB,-,-,-,-,-,2,T20I v Bangladesh,North Sound,22 Jun 2024,T20I # 2716
630,DNB,-,-,-,-,-,2,T20I v Australia,Gros Islet,24 Jun 2024,T20I # 2721
631,DNB,-,-,-,-,-,2,T20I v England,Providence,27 Jun 2024,T20I # 2724
632,DNB,-,-,-,-,-,2,T20I v South Africa,Bridgetown,29 Jun 2024,T20I # 2729
633,DNB,-,-,-,-,-,1,ODI v Sri Lanka,Colombo (RPS),2 Aug 2024,ODI # 4752
634,DNB,-,-,-,-,-,1,ODI v Sri Lanka,Colombo (RPS),4 Aug 2024,ODI # 4753
635,DNB,-,-,-,-,-,1,ODI v Sri Lanka,Colombo (RPS),7 Aug 2024,ODI # 4754
636,DNB,-,-,-,-,-,2,Test v Bangladesh,Chennai,19 Sep 2024,Test # 2550
637,DNB,-,-,-,-,-,4,Test v Bangladesh,Chennai,19 Sep 2024,Test # 2550
638,DNB,-,-,-,-,-,1,Test v Bangladesh,Kanpur,27 Sep 2024,Test # 2552
639,DNB,-,-,-,-,-,3,Test v Bangladesh,Kanpur,27 Sep 2024,Test # 2552
640,DNB,-,-,-,-,-,2,Test v New Zealand,Bengaluru,16 Oct 2024,Test # 2555
641,DNB,-,-,-,-,-,4,Test v New Zealand,Bengaluru,16 Oct 2024,Test # 2555
642,DNB,-,-,-,-,-,1,Test v New Zealand,Pune,24 Oct 2024,Test # 2557
643,DNB,-,-,-,-,-,3,Test v New Zealand,Pune,24 Oct 2024,Test # 2557
644,DNB,-,-,-,-,-,1,Test v New Zealand,Wankhede,1 Nov 2024,Test # 2560
645,DNB,-,-,-,-,-,3,Test v New Zealand,Wankhede,1 Nov 2024,Test # 2560
646,DNB,-,-,-,-,-,2,Test v Australia,Perth,22 Nov 2024,Test # 2561
647,DNB,-,-,-,-,-,4,Test v Australia,Perth,22 Nov 2024,Test # 2561
648,DNB,-,-,-,-,-,2,Test v Australia,Adelaide,6 Dec 2024,Test # 2568
649,DNB,-,-,-,-,-,4,Test v Australia,Adelaide,6 Dec 2024,Test # 2568
650,DNB,-,-,-,-,-,1,Test v Australia,Brisbane,14 Dec 2024,Test # 2570
651,DNB,-,-,-,-,-,3,Test v Australia,Brisbane,14 Dec 2024,Test # 2570
652,DNB,-,-,-,-,-,1,Test v Australia,Melbourne,26 Dec 2024,Test # 2571
653,DNB,-,-,-,-,-,3,Test v Australia,Melbourne,26 Dec 2024,Test # 2571
654,DNB,-,-,-,-,-,2,Test v Australia,Sydney,3 Jan 2025,Test # 2575
655,DNB,-,-,-,-,-,4,Test v Australia,Sydney,3 Jan 2025,Test # 2575
