,Runs,Mins,BF,4s,6s,SR,Pos,Dismissal,Inns,Opposition,Ground,Start Date,Match id
0,12,33,22,1,0,54.54,2,lbw,1,ODI v Sri Lanka,Dambulla,18 Aug 2008,ODI # 2742
1,37,82,67,6,0,55.22,2,caught,2,ODI v Sri Lanka,Dambulla,20 Aug 2008,ODI # 2745
2,25,40,38,4,0,65.78,1,run out,1,ODI v Sri Lanka,Colombo (RPS),24 Aug 2008,ODI # 2750
3,54,87,66,7,0,81.81,1,bowled,1,ODI v Sri Lanka,Colombo (RPS),27 Aug 2008,ODI # 2755
4,31,45,46,3,1,67.39,1,lbw,2,ODI v Sri Lanka,Colombo (RPS),29 Aug 2008,ODI # 2756
5,2*,6,2,0,0,100.00,7,not out,1,ODI v Sri Lanka,Colombo (RPS),14 Sep 2009,ODI # 2889
6,16,28,24,1,0,66.66,4,caught,2,ODI v Pakistan,Centurion,26 Sep 2009,ODI # 2898
7,TDNB,-,-,-,-,-,-,-,-,ODI v Australia,Centurion,28 Sep 2009,ODI # 2901
8,79*,121,104,9,2,75.96,4,not out,2,ODI v West Indies,Johannesburg,30 Sep 2009,ODI # 2904
9,30,53,41,3,0,73.17,4,caught,2,ODI v Australia,Vadodara,25 Oct 2009,ODI # 2913
10,10,32,16,1,0,62.50,3,caught,2,ODI v Australia,Mohali,2 Nov 2009,ODI # 2919
11,27,20,19,4,0,142.10,7,bowled,1,ODI v Sri Lanka,Rajkot,15 Dec 2009,ODI # 2932
12,54,93,65,7,0,83.07,4,lbw,1,ODI v Sri Lanka,Nagpur,18 Dec 2009,ODI # 2933
13,107,-,114,11,1,93.85,4,caught,2,ODI v Sri Lanka,Eden Gardens,24 Dec 2009,ODI # 2935
14,TDNB,-,-,-,-,-,-,-,-,ODI v Sri Lanka,Delhi,27 Dec 2009,ODI # 2936
15,9,19,12,1,0,75.00,3,caught,1,ODI v Sri Lanka,Mirpur,5 Jan 2010,ODI # 2938
16,91,136,102,7,0,89.21,3,caught,2,ODI v Bangladesh,Mirpur,7 Jan 2010,ODI # 2939
17,71*,98,68,9,0,104.41,3,not out,2,ODI v Sri Lanka,Mirpur,10 Jan 2010,ODI # 2941
18,102*,128,95,11,0,107.36,3,not out,2,ODI v Bangladesh,Mirpur,11 Jan 2010,ODI # 2942
19,2,6,8,0,0,25.00,3,caught,1,ODI v Sri Lanka,Mirpur,13 Jan 2010,ODI # 2943
20,31,-,46,1,0,67.39,5,caught,1,ODI v South Africa,Jaipur,21 Feb 2010,ODI # 2961
21,DNB,-,-,-,-,-,-,-,1,ODI v South Africa,Gwalior,24 Feb 2010,ODI # 2962
22,57,-,71,4,1,80.28,3,caught,2,ODI v South Africa,Ahmedabad,27 Feb 2010,ODI # 2963
23,0,3,0,0,0,-,3,run out,1,ODI v Zimbabwe,Bulawayo,28 May 2010,ODI # 2981
24,82,125,92,4,0,89.13,3,caught,2,ODI v Sri Lanka,Bulawayo,30 May 2010,ODI # 2983
25,18,28,29,1,0,62.06,3,caught,1,ODI v Zimbabwe,Harare,3 Jun 2010,ODI # 2986
26,68,123,95,5,0,71.57,3,caught,1,ODI v Sri Lanka,Harare,5 Jun 2010,ODI # 2988
27,26*,30,21,3,1,123.80,5,not out,2,T20I v Zimbabwe,Harare,12 Jun 2010,T20I # 182
28,DNB,-,-,-,-,-,-,-,2,T20I v Zimbabwe,Harare,13 Jun 2010,T20I # 183
29,11,35,22,0,0,50.00,3,stumped,2,ODI v Bangladesh,Dambulla,16 Jun 2010,ODI # 2993
30,18,31,27,1,0,66.66,3,bowled,2,ODI v Pakistan,Dambulla,19 Jun 2010,ODI # 2996
31,10,13,14,1,0,71.42,3,caught,1,ODI v Sri Lanka,Dambulla,22 Jun 2010,ODI # 2999
32,28,57,34,4,0,82.35,3,caught,1,ODI v Sri Lanka,Dambulla,24 Jun 2010,ODI # 3001
33,0,5,3,0,0,0.00,3,caught,2,ODI v Sri Lanka,Dambulla,16 Aug 2010,ODI # 3032
34,8,22,16,1,0,50.00,3,caught,1,ODI v New Zealand,Dambulla,25 Aug 2010,ODI # 3039
35,37,98,57,5,0,64.91,3,caught,2,ODI v Sri Lanka,Dambulla,28 Aug 2010,ODI # 3040
36,118,193,121,11,1,97.52,3,caught,2,ODI v Australia,Visakhapatnam,20 Oct 2010,ODI # 3060
37,105,162,104,10,0,100.96,3,caught,1,ODI v New Zealand,Guwahati,28 Nov 2010,ODI # 3070
38,64,78,73,8,0,87.67,3,caught,2,ODI v New Zealand,Jaipur,1 Dec 2010,ODI # 3072
39,63*,83,70,6,2,90.00,3,not out,2,ODI v New Zealand,Vadodara,4 Dec 2010,ODI # 3074
40,0,3,2,0,0,0.00,3,caught,2,ODI v New Zealand,Bengaluru,7 Dec 2010,ODI # 3076
41,2,10,8,0,0,25.00,3,caught,2,ODI v New Zealand,Chennai,10 Dec 2010,ODI # 3077
42,28,28,19,5,0,147.36,1,bowled,1,T20I v South Africa,Durban,9 Jan 2011,T20I # 196
43,54,122,70,2,1,77.14,3,caught,2,ODI v South Africa,Durban,12 Jan 2011,ODI # 3079
44,22,43,34,1,0,64.70,3,run out,1,ODI v South Africa,Johannesburg,15 Jan 2011,ODI # 3080
45,28,51,41,5,0,68.29,3,caught,2,ODI v South Africa,Cape Town,18 Jan 2011,ODI # 3082
46,87*,126,92,7,2,94.56,3,not out,2,ODI v South Africa,Gqeberha,21 Jan 2011,ODI # 3084
47,2,11,6,0,0,33.33,3,caught,2,ODI v South Africa,Centurion,23 Jan 2011,ODI # 3087
48,100*,113,83,8,2,120.48,4,not out,1,ODI v Bangladesh,Mirpur,19 Feb 2011,ODI # 3100
49,8,12,5,1,0,160.00,7,bowled,1,ODI v England,Bengaluru,27 Feb 2011,ODI # 3110
50,34,82,53,3,0,64.15,4,run out,2,ODI v Ireland,Bengaluru,6 Mar 2011,ODI # 3121
51,12,16,20,2,0,60.00,5,bowled,2,ODI v Netherlands,Delhi,9 Mar 2011,ODI # 3124
52,1,2,3,0,0,33.33,7,caught,1,ODI v South Africa,Nagpur,12 Mar 2011,ODI # 3128
53,59,128,76,5,0,77.63,3,bowled,1,ODI v West Indies,Chennai,20 Mar 2011,ODI # 3141
54,24,38,33,1,0,72.72,4,caught,2,ODI v Australia,Ahmedabad,24 Mar 2011,ODI # 3143
55,9,20,21,0,0,42.85,4,caught,1,ODI v Pakistan,Mohali,30 Mar 2011,ODI # 3147
56,35,69,49,4,0,71.42,4,caught,2,ODI v Sri Lanka,Wankhede,2 Apr 2011,ODI # 3148
57,14,15,12,2,0,116.66,3,caught,1,T20I v West Indies,Port of Spain,4 Jun 2011,T20I # 200
58,2,5,8,0,0,25.00,3,caught,2,ODI v West Indies,Port of Spain,6 Jun 2011,ODI # 3159
59,81,118,103,6,1,78.64,3,caught,2,ODI v West Indies,Port of Spain,8 Jun 2011,ODI # 3160
60,0,1,1,0,0,0.00,3,lbw,2,ODI v West Indies,North Sound,11 Jun 2011,ODI # 3161
61,22,68,33,1,0,66.66,3,stumped,2,ODI v West Indies,North Sound,13 Jun 2011,ODI # 3162
62,94,135,104,10,0,90.38,3,run out,1,ODI v West Indies,Kingston,16 Jun 2011,ODI # 3163
63,4,13,10,1,0,40.00,5,caught,1,Test v West Indies,Kingston,20 Jun 2011,Test # 1997
64,15,72,54,2,0,27.77,5,caught,3,Test v West Indies,Kingston,20 Jun 2011,Test # 1997
65,0,1,2,0,0,0.00,5,caught,1,Test v West Indies,Bridgetown,28 Jun 2011,Test # 1998
66,27,118,107,1,1,25.23,5,caught,3,Test v West Indies,Bridgetown,28 Jun 2011,Test # 1998
67,30,62,53,2,0,56.60,5,caught,2,Test v West Indies,Roseau,6 Jul 2011,Test # 1999
68,DNB,-,-,-,-,-,-,-,4,Test v West Indies,Roseau,6 Jul 2011,Test # 1999
69,4,5,5,0,0,80.00,4,caught,1,T20I v England,Manchester,31 Aug 2011,T20I # 204
70,55,92,73,4,0,75.34,4,bowled,1,ODI v England,Chester-le-Street,3 Sep 2011,ODI # 3186
71,9,9,9,0,0,100.00,4,caught,1,ODI v England,Southampton,6 Sep 2011,ODI # 3187
72,7,18,18,0,0,38.88,4,caught,1,ODI v England,The Oval,9 Sep 2011,ODI # 3189
73,16,40,36,1,0,44.44,4,caught,1,ODI v England,Lord's,11 Sep 2011,ODI # 3191
74,107,102,93,9,1,115.05,4,hit wicket,1,ODI v England,Cardiff,16 Sep 2011,ODI # 3195
75,37,70,63,0,0,58.73,4,caught,1,ODI v England,Hyderabad,14 Oct 2011,ODI # 3199
76,112*,134,98,16,0,114.28,4,not out,2,ODI v England,Delhi,17 Oct 2011,ODI # 3201
77,35,42,30,5,0,116.66,4,lbw,2,ODI v England,Mohali,20 Oct 2011,ODI # 3205
78,86*,-,99,11,0,86.86,4,not out,2,ODI v England,Wankhede,23 Oct 2011,ODI # 3207
79,0,5,5,0,0,0.00,3,bowled,1,ODI v England,Eden Gardens,25 Oct 2011,ODI # 3210
80,15,21,16,3,0,93.75,3,caught,1,T20I v England,Eden Gardens,29 Oct 2011,T20I # 214
81,52,154,111,5,0,46.84,6,caught,2,Test v West Indies,Wankhede,22 Nov 2011,Test # 2019
82,63,136,114,3,1,55.26,6,caught,4,Test v West Indies,Wankhede,22 Nov 2011,Test # 2019
83,3,13,6,0,0,50.00,4,bowled,2,ODI v West Indies,Cuttack,29 Nov 2011,ODI # 3217
84,117,154,123,14,0,95.12,4,caught,2,ODI v West Indies,Visakhapatnam,2 Dec 2011,ODI # 3219
85,20,21,30,3,0,66.66,4,lbw,2,ODI v West Indies,Ahmedabad,5 Dec 2011,ODI # 3221
86,23*,15,11,3,0,209.09,6,not out,1,ODI v West Indies,Indore,8 Dec 2011,ODI # 3223
87,80,99,85,5,0,94.11,5,caught,1,ODI v West Indies,Chennai,11 Dec 2011,ODI # 3224
88,11,28,21,1,0,52.38,7,caught,2,Test v Australia,Melbourne,26 Dec 2011,Test # 2025
89,0,3,1,0,0,0.00,6,lbw,4,Test v Australia,Melbourne,26 Dec 2011,Test # 2025
90,23,50,41,3,0,56.09,6,caught,1,Test v Australia,Sydney,3 Jan 2012,Test # 2027
91,9,35,24,2,0,37.50,6,lbw,3,Test v Australia,Sydney,3 Jan 2012,Test # 2027
92,44,107,81,6,0,54.32,6,caught,1,Test v Australia,W.A.C.A,13 Jan 2012,Test # 2029
93,75,191,136,9,0,55.14,6,caught,3,Test v Australia,W.A.C.A,13 Jan 2012,Test # 2029
94,116,237,213,11,1,54.46,6,lbw,2,Test v Australia,Adelaide,24 Jan 2012,Test # 2031
95,22,96,62,2,0,35.48,6,run out,4,Test v Australia,Adelaide,24 Jan 2012,Test # 2031
96,22,30,21,0,1,104.76,3,caught,2,T20I v Australia,Sydney,1 Feb 2012,T20I # 217
97,31,29,24,3,0,129.16,3,caught,2,T20I v Australia,Melbourne,3 Feb 2012,T20I # 218
98,31,30,34,3,0,91.17,3,caught,2,ODI v Australia,Melbourne,5 Feb 2012,ODI # 3231
99,77,156,94,8,1,81.91,3,run out,2,ODI v Sri Lanka,W.A.C.A,8 Feb 2012,ODI # 3233
100,18,41,28,1,0,64.28,3,caught,2,ODI v Australia,Adelaide,12 Feb 2012,ODI # 3237
101,15,32,25,1,0,60.00,3,lbw,2,ODI v Sri Lanka,Adelaide,14 Feb 2012,ODI # 3239
102,12,44,25,0,0,48.00,3,caught,2,ODI v Australia,Brisbane,19 Feb 2012,ODI # 3244
103,66,116,83,2,0,79.51,4,caught,2,ODI v Sri Lanka,Brisbane,21 Feb 2012,ODI # 3246
104,21,36,27,2,0,77.77,4,caught,2,ODI v Australia,Sydney,26 Feb 2012,ODI # 3250
105,133*,133,86,16,2,154.65,4,not out,2,ODI v Sri Lanka,Hobart,28 Feb 2012,ODI # 3251
106,108,148,120,7,0,90.00,3,caught,1,ODI v Sri Lanka,Mirpur,13 Mar 2012,ODI # 3259
107,66,126,82,5,0,80.48,3,bowled,1,ODI v Bangladesh,Mirpur,16 Mar 2012,ODI # 3261
108,183,211,148,22,1,123.64,3,caught,2,ODI v Pakistan,Mirpur,18 Mar 2012,ODI # 3263
109,DNB,-,-,-,-,-,-,-,2,T20I v South Africa,Johannesburg,30 Mar 2012,T20I # 242
110,106,158,113,9,0,93.80,3,caught,1,ODI v Sri Lanka,Hambantota,21 Jul 2012,ODI # 3291
111,1,6,5,0,0,20.00,3,caught,1,ODI v Sri Lanka,Hambantota,24 Jul 2012,ODI # 3292
112,38,80,65,2,0,58.46,3,caught,2,ODI v Sri Lanka,Colombo (RPS),28 Jul 2012,ODI # 3293
113,128*,187,119,12,1,107.56,3,not out,2,ODI v Sri Lanka,Colombo (RPS),31 Jul 2012,ODI # 3294
114,23,42,35,2,0,65.71,3,lbw,1,ODI v Sri Lanka,Pallekele,4 Aug 2012,ODI # 3295
115,68,65,48,11,1,141.66,3,caught,1,T20I v Sri Lanka,Pallekele,7 Aug 2012,T20I # 255
116,58,143,107,8,0,54.20,5,caught,1,Test v New Zealand,Hyderabad,23 Aug 2012,Test # 2054
117,103,284,193,14,1,53.36,5,lbw,2,Test v New Zealand,Bengaluru,31 Aug 2012,Test # 2055
118,51*,130,82,9,0,62.19,5,not out,4,Test v New Zealand,Bengaluru,31 Aug 2012,Test # 2055
119,70,67,41,10,1,170.73,2,caught,2,T20I v New Zealand,Chennai,11 Sep 2012,T20I # 261
120,50,60,39,4,2,128.20,3,caught,1,T20I v Afghanistan,Colombo (RPS),19 Sep 2012,T20I # 265
121,40,33,32,6,0,125.00,3,caught,1,T20I v England,Colombo (RPS),23 Sep 2012,T20I # 272
122,15,18,13,2,0,115.38,3,caught,1,T20I v Australia,Colombo (RPS),28 Sep 2012,T20I # 278
123,78*,61,61,8,2,127.86,3,not out,2,T20I v Pakistan,Colombo (RPS),30 Sep 2012,T20I # 282
124,2,5,6,0,0,33.33,3,caught,1,T20I v South Africa,Colombo (RPS),2 Oct 2012,T20I # 286
125,19,70,67,3,0,28.35,5,bowled,1,Test v England,Ahmedabad,15 Nov 2012,Test # 2058
126,14*,17,21,3,0,66.66,3,not out,4,Test v England,Ahmedabad,15 Nov 2012,Test # 2058
127,19,65,55,3,0,34.54,5,caught,1,Test v England,Wankhede,23 Nov 2012,Test # 2062
128,7,16,13,1,0,53.84,5,caught,3,Test v England,Wankhede,23 Nov 2012,Test # 2062
129,6,31,24,1,0,25.00,5,caught,1,Test v England,Eden Gardens,5 Dec 2012,Test # 2065
130,20,86,60,3,0,33.33,5,caught,3,Test v England,Eden Gardens,5 Dec 2012,Test # 2065
131,103,356,295,11,0,34.91,5,lbw,2,Test v England,Nagpur,13 Dec 2012,Test # 2066
132,21,35,17,2,0,123.52,3,bowled,2,T20I v England,Pune,20 Dec 2012,T20I # 292
133,38,25,20,7,0,190.00,3,lbw,1,T20I v England,Wankhede,22 Dec 2012,T20I # 294
134,9,15,11,1,0,81.81,3,caught,1,T20I v Pakistan,Bengaluru,25 Dec 2012,T20I # 296
135,27,31,22,3,0,122.72,3,run out,1,T20I v Pakistan,Ahmedabad,28 Dec 2012,T20I # 298
136,0,9,5,0,0,0.00,3,bowled,1,ODI v Pakistan,Chennai,30 Dec 2012,ODI # 3314
137,6,12,9,1,0,66.66,3,caught,2,ODI v Pakistan,Eden Gardens,3 Jan 2013,ODI # 3315
138,7,25,17,1,0,41.17,3,caught,1,ODI v Pakistan,Delhi,6 Jan 2013,ODI # 3316
139,15,45,22,1,0,68.18,3,caught,2,ODI v England,Rajkot,11 Jan 2013,ODI # 3318
140,37,86,54,1,1,68.51,3,caught,1,ODI v England,Kochi,15 Jan 2013,ODI # 3320
141,77*,110,79,9,2,97.46,3,not out,2,ODI v England,Ranchi,19 Jan 2013,ODI # 3322
142,26,44,33,3,0,78.78,3,caught,2,ODI v England,Mohali,23 Jan 2013,ODI # 3327
143,0,1,1,0,0,0.00,3,caught,1,ODI v England,Dharamsala,27 Jan 2013,ODI # 3329
144,107,266,206,15,1,51.94,5,caught,2,Test v Australia,Chennai,22 Feb 2013,Test # 2074
145,DNB,-,-,-,-,-,-,-,4,Test v Australia,Chennai,22 Feb 2013,Test # 2074
146,34,119,92,3,0,36.95,5,caught,2,Test v Australia,Hyderabad,2 Mar 2013,Test # 2076
147,67*,157,129,7,1,51.93,5,not out,2,Test v Australia,Mohali,14 Mar 2013,Test # 2081
148,34,80,61,6,0,55.73,3,caught,4,Test v Australia,Mohali,14 Mar 2013,Test # 2081
149,1,11,8,0,0,12.50,3,lbw,2,Test v Australia,Delhi,22 Mar 2013,Test # 2085
150,41,76,60,4,0,68.33,3,lbw,4,Test v Australia,Delhi,22 Mar 2013,Test # 2085
151,31,46,41,2,0,75.60,3,caught,1,ODI v South Africa,Cardiff,6 Jun 2013,ODI # 3363
152,22,18,18,4,0,122.22,3,bowled,2,ODI v West Indies,The Oval,11 Jun 2013,ODI # 3368
153,22*,36,27,3,0,81.48,3,not out,2,ODI v Pakistan,Birmingham,15 Jun 2013,ODI # 3372
154,58*,80,64,4,1,90.62,3,not out,2,ODI v Sri Lanka,Cardiff,20 Jun 2013,ODI # 3376
155,43,66,34,4,1,126.47,3,caught,1,ODI v England,Birmingham,23 Jun 2013,ODI # 3377
156,11,19,21,0,1,52.38,3,caught,1,ODI v West Indies,Kingston,30 Jun 2013,ODI # 3380
157,2,6,5,0,0,40.00,4,caught,2,ODI v Sri Lanka,Kingston,2 Jul 2013,ODI # 3382
158,102,120,83,13,2,122.89,3,caught,1,ODI v West Indies,Port of Spain,5 Jul 2013,ODI # 3383
159,31,62,52,4,0,59.61,3,lbw,1,ODI v Sri Lanka,Port of Spain,9 Jul 2013,ODI # 3387
160,2,8,5,0,0,40.00,3,caught,2,ODI v Sri Lanka,Port of Spain,11 Jul 2013,ODI # 3388
161,115,133,108,13,1,106.48,3,caught,2,ODI v Zimbabwe,Harare,24 Jul 2013,ODI # 3395
162,14,35,18,2,0,77.77,3,caught,1,ODI v Zimbabwe,Harare,26 Jul 2013,ODI # 3397
163,68*,128,88,5,1,77.27,3,not out,2,ODI v Zimbabwe,Harare,28 Jul 2013,ODI # 3399
164,DNB,-,-,-,-,-,-,-,2,ODI v Zimbabwe,Bulawayo,1 Aug 2013,ODI # 3402
165,DNB,-,-,-,-,-,-,-,2,ODI v Zimbabwe,Bulawayo,3 Aug 2013,ODI # 3403
166,29,26,22,2,1,131.81,4,caught,2,T20I v Australia,Rajkot,10 Oct 2013,T20I # 331
167,61,121,85,6,0,71.76,3,lbw,2,ODI v Australia,Pune,13 Oct 2013,ODI # 3419
168,100*,82,52,8,7,192.30,3,not out,2,ODI v Australia,Jaipur,16 Oct 2013,ODI # 3420
169,68,121,73,9,0,93.15,3,caught,1,ODI v Australia,Mohali,19 Oct 2013,ODI # 3421
170,DNB,-,-,-,-,-,-,-,2,ODI v Australia,Ranchi,23 Oct 2013,ODI # 3422
171,115*,104,66,18,1,174.24,3,not out,2,ODI v Australia,Nagpur,30 Oct 2013,ODI # 3424
172,0,4,3,0,0,0.00,3,run out,1,ODI v Australia,Bengaluru,2 Nov 2013,ODI # 3428
173,3,13,5,0,0,60.00,5,caught,2,Test v West Indies,Eden Gardens,6 Nov 2013,Test # 2101
174,57,80,78,5,0,73.07,5,caught,2,Test v West Indies,Wankhede,14 Nov 2013,Test # 2102
175,86,120,84,9,2,102.38,3,caught,2,ODI v West Indies,Kochi,21 Nov 2013,ODI # 3436
176,99,159,100,9,0,99.00,3,caught,1,ODI v West Indies,Visakhapatnam,24 Nov 2013,ODI # 3437
177,19,19,18,3,0,105.55,3,caught,2,ODI v West Indies,Kanpur,27 Nov 2013,ODI # 3439
178,31,41,35,5,0,88.57,3,caught,2,ODI v South Africa,Johannesburg,5 Dec 2013,ODI # 3442
179,0,7,5,0,0,0.00,3,caught,2,ODI v South Africa,Durban,8 Dec 2013,ODI # 3443
180,TDNB,-,-,-,-,-,-,-,-,ODI v South Africa,Centurion,11 Dec 2013,ODI # 3444
181,119,257,181,18,0,65.74,4,caught,1,Test v South Africa,Johannesburg,18 Dec 2013,Test # 2108
182,96,254,193,9,0,49.74,4,caught,3,Test v South Africa,Johannesburg,18 Dec 2013,Test # 2108
183,46,114,87,5,0,52.87,4,caught,1,Test v South Africa,Durban,26 Dec 2013,Test # 2111
184,11,26,27,1,0,40.74,4,caught,3,Test v South Africa,Durban,26 Dec 2013,Test # 2111
185,123,179,111,11,2,110.81,3,caught,2,ODI v New Zealand,Napier,19 Jan 2014,ODI # 3456
186,78,88,65,7,2,120.00,3,caught,2,ODI v New Zealand,Hamilton,22 Jan 2014,ODI # 3458
187,6,27,20,1,0,30.00,3,caught,2,ODI v New Zealand,Auckland,25 Jan 2014,ODI # 3462
188,2,14,10,0,0,20.00,2,caught,1,ODI v New Zealand,Hamilton,28 Jan 2014,ODI # 3465
189,82,129,78,7,3,105.12,3,caught,2,ODI v New Zealand,Wellington,31 Jan 2014,ODI # 3467
190,4,17,13,1,0,30.76,4,caught,2,Test v New Zealand,Auckland,6 Feb 2014,Test # 2118
191,67,131,102,12,0,65.68,4,caught,4,Test v New Zealand,Auckland,6 Feb 2014,Test # 2118
192,38,131,93,4,0,40.86,5,caught,2,Test v New Zealand,Wellington,14 Feb 2014,Test # 2120
193,105*,195,135,15,1,77.77,4,not out,4,Test v New Zealand,Wellington,14 Feb 2014,Test # 2120
194,136,157,122,16,2,111.47,3,bowled,2,ODI v Bangladesh,Fatullah,26 Feb 2014,ODI # 3474
195,48,66,51,4,1,94.11,3,bowled,1,ODI v Sri Lanka,Fatullah,28 Feb 2014,ODI # 3476
196,5,29,11,0,0,45.45,3,caught,1,ODI v Pakistan,Mirpur,2 Mar 2014,ODI # 3479
197,DNB,-,-,-,-,-,-,-,2,ODI v Afghanistan,Mirpur,5 Mar 2014,ODI # 3483
198,36*,45,32,4,1,112.50,3,not out,2,T20I v Pakistan,Mirpur,21 Mar 2014,T20I # 378
199,54,51,41,5,1,131.70,3,bowled,2,T20I v West Indies,Mirpur,23 Mar 2014,T20I # 382
200,57*,66,50,3,1,114.00,3,not out,2,T20I v Bangladesh,Mirpur,28 Mar 2014,T20I # 389
201,23,23,22,2,1,104.54,3,caught,1,T20I v Australia,Mirpur,30 Mar 2014,T20I # 393
202,72*,67,44,5,2,163.63,3,not out,2,T20I v South Africa,Mirpur,4 Apr 2014,T20I # 399
203,77,75,58,5,4,132.75,3,run out,1,T20I v Sri Lanka,Mirpur,6 Apr 2014,T20I # 400
204,1,6,8,0,0,12.50,4,caught,1,Test v England,Nottingham,9 Jul 2014,Test # 2128
205,8,39,29,1,0,27.58,4,lbw,3,Test v England,Nottingham,9 Jul 2014,Test # 2128
206,25,39,34,4,0,73.52,4,caught,1,Test v England,Lord's,17 Jul 2014,Test # 2130
207,0,1,1,0,0,0.00,4,bowled,3,Test v England,Lord's,17 Jul 2014,Test # 2130
208,39,119,75,3,0,52.00,4,caught,2,Test v England,Southampton,27 Jul 2014,Test # 2132
209,28,77,56,3,0,50.00,4,caught,4,Test v England,Southampton,27 Jul 2014,Test # 2132
210,0,3,2,0,0,0.00,4,caught,1,Test v England,Manchester,7 Aug 2014,Test # 2134
211,7,15,11,1,0,63.63,4,caught,3,Test v England,Manchester,7 Aug 2014,Test # 2134
212,6,34,18,1,0,33.33,4,lbw,1,Test v England,The Oval,15 Aug 2014,Test # 2137
213,20,80,54,2,0,37.03,4,caught,3,Test v England,The Oval,15 Aug 2014,Test # 2137
214,0,1,3,0,0,0.00,3,caught,1,ODI v England,Cardiff,27 Aug 2014,ODI # 3517
215,40,67,50,2,1,80.00,3,caught,2,ODI v England,Nottingham,30 Aug 2014,ODI # 3520
216,1*,9,3,0,0,33.33,3,not out,2,ODI v England,Birmingham,2 Sep 2014,ODI # 3523
217,13,25,21,2,0,61.90,3,caught,2,ODI v England,Leeds,5 Sep 2014,ODI # 3525
218,66,54,41,9,1,160.97,3,caught,2,T20I v England,Birmingham,7 Sep 2014,T20I # 405
219,2,7,5,0,0,40.00,3,caught,2,ODI v West Indies,Kochi,8 Oct 2014,ODI # 3531
220,62,124,78,5,0,79.48,4,caught,1,ODI v West Indies,Delhi,11 Oct 2014,ODI # 3533
221,127,164,114,13,3,111.40,3,run out,1,ODI v West Indies,Dharamsala,17 Oct 2014,ODI # 3535
222,22,34,21,2,0,104.76,4,caught,1,ODI v Sri Lanka,Cuttack,2 Nov 2014,ODI # 3539
223,49,-,44,2,2,111.36,4,caught,2,ODI v Sri Lanka,Ahmedabad,6 Nov 2014,ODI # 3540
224,53,-,61,4,1,86.88,4,caught,2,ODI v Sri Lanka,Hyderabad,9 Nov 2014,ODI # 3543
225,66,109,64,6,0,103.12,4,run out,1,ODI v Sri Lanka,Eden Gardens,13 Nov 2014,ODI # 3544
226,139*,192,126,12,3,110.31,4,not out,2,ODI v Sri Lanka,Ranchi,16 Nov 2014,ODI # 3547
227,115,267,184,12,0,62.50,4,caught,2,Test v Australia,Adelaide,9 Dec 2014,Test # 2148
228,141,279,175,16,1,80.57,4,caught,4,Test v Australia,Adelaide,9 Dec 2014,Test # 2148
229,19,50,27,1,0,70.37,4,caught,1,Test v Australia,Brisbane,17 Dec 2014,Test # 2149
230,1,14,11,0,0,9.09,4,bowled,3,Test v Australia,Brisbane,17 Dec 2014,Test # 2149
231,169,380,272,18,0,62.13,4,caught,2,Test v Australia,Melbourne,26 Dec 2014,Test # 2152
232,54,134,99,7,0,54.54,4,caught,4,Test v Australia,Melbourne,26 Dec 2014,Test # 2152
233,147,315,230,20,0,63.91,4,caught,2,Test v Australia,Sydney,6 Jan 2015,Test # 2156
234,46,123,95,3,0,48.42,4,caught,4,Test v Australia,Sydney,6 Jan 2015,Test # 2156
235,9,24,16,0,0,56.25,4,caught,1,ODI v Australia,Melbourne,18 Jan 2015,ODI # 3582
236,4,13,8,0,0,50.00,4,caught,1,ODI v England,Brisbane,20 Jan 2015,ODI # 3586
237,3*,8,9,0,0,33.33,4,not out,1,ODI v Australia,Sydney,26 Jan 2015,ODI # 3592
238,8,26,19,0,0,42.10,3,caught,1,ODI v England,W.A.C.A,30 Jan 2015,ODI # 3595
239,107,168,126,8,0,84.92,3,caught,1,ODI v Pakistan,Adelaide,15 Feb 2015,ODI # 3602
240,46,106,60,3,0,76.66,3,caught,1,ODI v South Africa,Melbourne,22 Feb 2015,ODI # 3610
241,33*,49,41,5,0,80.48,3,not out,2,ODI v U.A.E.,W.A.C.A,28 Feb 2015,ODI # 3618
242,33,51,36,5,0,91.66,3,caught,2,ODI v West Indies,W.A.C.A,6 Mar 2015,ODI # 3625
243,44*,64,42,4,1,104.76,3,not out,2,ODI v Ireland,Hamilton,10 Mar 2015,ODI # 3631
244,38,71,48,4,0,79.16,3,bowled,2,ODI v Zimbabwe,Auckland,14 Mar 2015,ODI # 3636
245,3,6,8,0,0,37.50,3,caught,1,ODI v Bangladesh,Melbourne,19 Mar 2015,ODI # 3641
246,1,11,13,0,0,7.69,3,caught,2,ODI v Australia,Sydney,26 Mar 2015,ODI # 3645
247,14,17,22,2,0,63.63,4,bowled,1,Test v Bangladesh,Fatullah,10 Jun 2015,Test # 2165
248,1,9,4,0,0,25.00,3,caught,2,ODI v Bangladesh,Mirpur,18 Jun 2015,ODI # 3658
249,23,57,27,3,1,85.18,3,lbw,1,ODI v Bangladesh,Mirpur,21 Jun 2015,ODI # 3660
250,25,55,35,1,0,71.42,3,bowled,1,ODI v Bangladesh,Mirpur,24 Jun 2015,ODI # 3661
251,103,266,191,11,0,53.92,4,lbw,2,Test v Sri Lanka,Galle,12 Aug 2015,Test # 2176
252,3,14,10,0,0,30.00,5,caught,4,Test v Sri Lanka,Galle,12 Aug 2015,Test # 2176
253,78,178,107,8,1,72.89,4,caught,1,Test v Sri Lanka,Colombo (PSS),20 Aug 2015,Test # 2177
254,10,33,19,0,0,52.63,4,lbw,3,Test v Sri Lanka,Colombo (PSS),20 Aug 2015,Test # 2177
255,18,96,60,3,0,30.00,4,caught,1,Test v Sri Lanka,Colombo (SSC),28 Aug 2015,Test # 2179
256,21,87,63,2,0,33.33,4,caught,3,Test v Sri Lanka,Colombo (SSC),28 Aug 2015,Test # 2179
257,43,58,27,1,3,159.25,3,caught,1,T20I v South Africa,Dharamsala,2 Oct 2015,T20I # 456
258,1,3,1,0,0,100.00,3,run out,1,T20I v South Africa,Cuttack,5 Oct 2015,T20I # 457
259,11,29,18,0,0,61.11,4,caught,2,ODI v South Africa,Kanpur,11 Oct 2015,ODI # 3689
260,12,24,18,0,0,66.66,4,run out,1,ODI v South Africa,Indore,14 Oct 2015,ODI # 3692
261,77,155,99,5,0,77.77,3,caught,2,ODI v South Africa,Rajkot,18 Oct 2015,ODI # 3695
262,138,202,140,6,5,98.57,3,caught,1,ODI v South Africa,Chennai,22 Oct 2015,ODI # 3698
263,7,11,6,0,1,116.66,3,caught,2,ODI v South Africa,Wankhede,25 Oct 2015,ODI # 3700
264,1,5,4,0,0,25.00,4,caught,1,Test v South Africa,Mohali,5 Nov 2015,Test # 2186
265,29,92,71,4,0,40.84,4,caught,3,Test v South Africa,Mohali,5 Nov 2015,Test # 2186
266,DNB,-,-,-,-,-,-,-,2,Test v South Africa,Bengaluru,14 Nov 2015,Test # 2188
267,22,73,55,2,0,40.00,4,caught,1,Test v South Africa,Nagpur,25 Nov 2015,Test # 2189
268,16,49,30,2,0,53.33,4,caught,3,Test v South Africa,Nagpur,25 Nov 2015,Test # 2189
269,44,74,62,7,0,70.96,4,caught,1,Test v South Africa,Delhi,3 Dec 2015,Test # 2191
270,88,259,165,10,0,53.33,5,lbw,3,Test v South Africa,Delhi,3 Dec 2015,Test # 2191
271,91,148,97,9,1,93.81,3,caught,1,ODI v Australia,W.A.C.A,12 Jan 2016,ODI # 3723
272,59,84,67,4,0,88.05,3,run out,1,ODI v Australia,Brisbane,15 Jan 2016,ODI # 3724
273,117,174,117,7,2,100.00,3,caught,1,ODI v Australia,Melbourne,17 Jan 2016,ODI # 3725
274,106,131,92,11,1,115.21,3,caught,2,ODI v Australia,Canberra,20 Jan 2016,ODI # 3726
275,8,11,11,1,0,72.72,3,caught,2,ODI v Australia,Sydney,23 Jan 2016,ODI # 3727
276,90*,71,55,9,2,163.63,3,not out,1,T20I v Australia,Adelaide,26 Jan 2016,T20I # 485
277,59*,44,33,7,1,178.78,3,not out,1,T20I v Australia,Melbourne,29 Jan 2016,T20I # 486
278,50,49,36,2,1,138.88,3,bowled,2,T20I v Australia,Sydney,31 Jan 2016,T20I # 489
279,7,13,12,1,0,58.33,3,caught,1,T20I v Bangladesh,Mirpur,24 Feb 2016,T20I # 509
280,49,71,51,7,0,96.07,3,lbw,2,T20I v Pakistan,Mirpur,27 Feb 2016,T20I # 512
281,56*,85,47,7,0,119.14,3,not out,2,T20I v Sri Lanka,Mirpur,1 Mar 2016,T20I # 515
282,DNB,-,-,-,-,-,-,-,2,T20I v U.A.E.,Mirpur,3 Mar 2016,T20I # 517
283,41*,62,28,5,0,146.42,3,not out,2,T20I v Bangladesh,Mirpur,6 Mar 2016,T20I # 521
284,23,-,27,2,0,85.18,3,caught,2,T20I v New Zealand,Nagpur,15 Mar 2016,T20I # 535
285,55*,66,37,7,1,148.64,3,not out,2,T20I v Pakistan,Eden Gardens,19 Mar 2016,T20I # 541
286,24,37,24,0,1,100.00,3,bowled,1,T20I v Bangladesh,Bengaluru,23 Mar 2016,T20I # 547
287,82*,78,51,9,2,160.78,3,not out,2,T20I v Australia,Mohali,27 Mar 2016,T20I # 553
288,89*,63,47,11,1,189.36,3,not out,1,T20I v West Indies,Wankhede,31 Mar 2016,T20I # 556
289,200,375,283,24,0,70.67,4,bowled,1,Test v West Indies,North Sound,21 Jul 2016,Test # 2207
290,44,144,90,4,1,48.88,4,caught,2,Test v West Indies,Kingston,30 Jul 2016,Test # 2211
291,3,17,8,0,0,37.50,3,caught,1,Test v West Indies,Gros Islet,9 Aug 2016,Test # 2215
292,4,21,17,0,0,23.52,3,lbw,3,Test v West Indies,Gros Islet,9 Aug 2016,Test # 2215
293,TDNB,-,-,-,-,-,-,-,-,Test v West Indies,Port of Spain,18 Aug 2016,Test # 2218
294,16,8,9,3,0,177.77,3,caught,2,T20I v West Indies,Lauderhill,27 Aug 2016,T20I # 562
295,DNB,-,-,-,-,-,-,-,2,T20I v West Indies,Lauderhill,28 Aug 2016,T20I # 563
296,9,12,10,2,0,90.00,4,caught,1,Test v New Zealand,Kanpur,22 Sep 2016,Test # 2221
297,18,45,40,3,0,45.00,4,caught,3,Test v New Zealand,Kanpur,22 Sep 2016,Test # 2221
298,9,42,28,1,0,32.14,4,caught,1,Test v New Zealand,Eden Gardens,30 Sep 2016,Test # 2222
299,45,82,65,7,0,69.23,4,lbw,3,Test v New Zealand,Eden Gardens,30 Sep 2016,Test # 2222
300,211,536,366,20,0,57.65,4,lbw,1,Test v New Zealand,Indore,8 Oct 2016,Test # 2223
301,17,36,28,1,0,60.71,4,lbw,3,Test v New Zealand,Indore,8 Oct 2016,Test # 2223
302,85*,109,81,9,1,104.93,3,not out,2,ODI v New Zealand,Dharamsala,16 Oct 2016,ODI # 3796
303,9,18,13,1,0,69.23,3,caught,2,ODI v New Zealand,Delhi,20 Oct 2016,ODI # 3797
304,154*,202,134,16,1,114.92,3,not out,2,ODI v New Zealand,Mohali,23 Oct 2016,ODI # 3798
305,45,64,51,2,1,88.23,3,caught,2,ODI v New Zealand,Ranchi,26 Oct 2016,ODI # 3799
306,65,152,76,2,1,85.52,3,caught,1,ODI v New Zealand,Visakhapatnam,29 Oct 2016,ODI # 3800
307,40,135,95,5,0,42.10,4,hit wicket,2,Test v England,Rajkot,9 Nov 2016,Test # 2232
308,49*,129,98,6,0,50.00,4,not out,4,Test v England,Rajkot,9 Nov 2016,Test # 2232
309,167,401,267,18,0,62.54,4,caught,1,Test v England,Visakhapatnam,17 Nov 2016,Test # 2235
310,81,172,109,8,0,74.31,4,caught,3,Test v England,Visakhapatnam,17 Nov 2016,Test # 2235
311,62,161,127,9,0,48.81,4,caught,2,Test v England,Mohali,26 Nov 2016,Test # 2238
312,6*,11,11,0,0,54.54,4,not out,4,Test v England,Mohali,26 Nov 2016,Test # 2238
313,235,515,340,25,1,69.11,4,caught,2,Test v England,Wankhede,8 Dec 2016,Test # 2239
314,15,44,29,1,0,51.72,4,caught,2,Test v England,Chennai,16 Dec 2016,Test # 2241
315,122,147,105,8,5,116.19,3,caught,2,ODI v England,Pune,15 Jan 2017,ODI # 3819
316,8,6,5,2,0,160.00,3,caught,1,ODI v England,Cuttack,19 Jan 2017,ODI # 3821
317,55,81,63,8,0,87.30,3,caught,2,ODI v England,Eden Gardens,22 Jan 2017,ODI # 3824
318,29,34,26,4,0,111.53,1,caught,1,T20I v England,Kanpur,26 Jan 2017,T20I # 592
319,21,17,15,2,1,140.00,1,caught,1,T20I v England,Nagpur,29 Jan 2017,T20I # 593
320,2,6,4,0,0,50.00,1,run out,1,T20I v England,Bengaluru,1 Feb 2017,T20I # 594
321,204,295,246,24,0,82.92,4,lbw,1,Test v Bangladesh,Hyderabad,9 Feb 2017,Test # 2249
322,38,51,40,2,1,95.00,4,caught,3,Test v Bangladesh,Hyderabad,9 Feb 2017,Test # 2249
323,0,2,2,0,0,0.00,4,caught,2,Test v Australia,Pune,23 Feb 2017,Test # 2250
324,13,33,37,1,0,35.13,4,bowled,4,Test v Australia,Pune,23 Feb 2017,Test # 2250
325,12,25,17,2,0,70.58,4,lbw,1,Test v Australia,Bengaluru,4 Mar 2017,Test # 2251
326,15,34,25,1,0,60.00,4,lbw,3,Test v Australia,Bengaluru,4 Mar 2017,Test # 2251
327,6,38,23,0,0,26.08,4,caught,2,Test v Australia,Ranchi,16 Mar 2017,Test # 2256
328,81*,108,68,6,3,119.11,3,not out,1,ODI v Pakistan,Birmingham,4 Jun 2017,ODI # 3878
329,0,5,5,0,0,0.00,3,caught,1,ODI v Sri Lanka,The Oval,8 Jun 2017,ODI # 3882
330,76*,136,101,7,1,75.24,3,not out,2,ODI v South Africa,The Oval,11 Jun 2017,ODI # 3886
331,96*,96,78,13,0,123.07,3,not out,2,ODI v Bangladesh,Birmingham,15 Jun 2017,ODI # 3891
332,5,11,9,0,0,55.55,3,caught,2,ODI v Pakistan,The Oval,18 Jun 2017,ODI # 3894
333,32*,-,47,1,0,68.08,3,not out,1,ODI v West Indies,Port of Spain,23 Jun 2017,ODI # 3895
334,87,-,66,4,4,131.81,3,caught,1,ODI v West Indies,Port of Spain,25 Jun 2017,ODI # 3896
335,11,-,22,2,0,50.00,3,caught,1,ODI v West Indies,North Sound,30 Jun 2017,ODI # 3898
336,3,-,12,0,0,25.00,3,caught,2,ODI v West Indies,North Sound,2 Jul 2017,ODI # 3900
337,111*,-,115,12,2,96.52,3,not out,2,ODI v West Indies,Kingston,6 Jul 2017,ODI # 3902
338,39,-,22,7,1,177.27,1,caught,1,T20I v West Indies,Kingston,9 Jul 2017,T20I # 617
339,3,15,8,0,0,37.50,4,caught,1,Test v Sri Lanka,Galle,26 Jul 2017,Test # 2265
340,103*,158,136,5,1,75.73,4,not out,3,Test v Sri Lanka,Galle,26 Jul 2017,Test # 2265
341,13,31,29,2,0,44.82,4,caught,1,Test v Sri Lanka,Colombo (SSC),3 Aug 2017,Test # 2267
342,42,119,84,3,0,50.00,4,caught,1,Test v Sri Lanka,Pallekele,12 Aug 2017,Test # 2269
343,82*,-,70,10,1,117.14,3,not out,2,ODI v Sri Lanka,Dambulla,20 Aug 2017,ODI # 3905
344,4,-,2,1,0,200.00,5,bowled,2,ODI v Sri Lanka,Pallekele,24 Aug 2017,ODI # 3906
345,3,-,11,0,0,27.27,3,caught,2,ODI v Sri Lanka,Pallekele,27 Aug 2017,ODI # 3907
346,131,-,96,17,2,136.45,3,caught,1,ODI v Sri Lanka,Colombo (RPS),31 Aug 2017,ODI # 3908
347,110*,-,116,9,0,94.82,3,not out,2,ODI v Sri Lanka,Colombo (RPS),3 Sep 2017,ODI # 3909
348,82,-,54,7,1,151.85,3,caught,2,T20I v Sri Lanka,Colombo (RPS),6 Sep 2017,T20I # 618
349,0,7,4,0,0,0.00,3,caught,1,ODI v Australia,Chennai,17 Sep 2017,ODI # 3910
350,92,148,107,8,0,85.98,3,bowled,1,ODI v Australia,Eden Gardens,21 Sep 2017,ODI # 3912
351,28,58,35,2,0,80.00,3,caught,2,ODI v Australia,Indore,24 Sep 2017,ODI # 3914
352,21,23,21,3,0,100.00,3,bowled,2,ODI v Australia,Bengaluru,28 Sep 2017,ODI # 3917
353,39,73,55,2,0,70.90,3,caught,2,ODI v Australia,Nagpur,1 Oct 2017,ODI # 3919
354,22*,19,14,3,0,157.14,3,not out,2,T20I v Australia,Ranchi,7 Oct 2017,T20I # 623
355,0,2,2,0,0,0.00,3,caught,1,T20I v Australia,Guwahati,10 Oct 2017,T20I # 624
356,121,203,125,9,2,96.80,3,caught,1,ODI v New Zealand,Wankhede,22 Oct 2017,ODI # 3928
357,29,40,29,3,1,100.00,3,caught,2,ODI v New Zealand,Pune,25 Oct 2017,ODI # 3931
358,113,166,106,9,1,106.60,3,caught,1,ODI v New Zealand,Kanpur,29 Oct 2017,ODI # 3932
359,26*,19,11,0,3,236.36,4,not out,1,T20I v New Zealand,Delhi,1 Nov 2017,T20I # 630
360,65,59,42,8,1,154.76,4,caught,2,T20I v New Zealand,Rajkot,4 Nov 2017,T20I # 631
361,13,6,6,1,1,216.66,3,caught,1,T20I v New Zealand,Thiruvananthapuram,7 Nov 2017,T20I # 632
362,0,18,11,0,0,0.00,4,lbw,1,Test v Sri Lanka,Eden Gardens,16 Nov 2017,Test # 2281
363,104*,208,119,12,2,87.39,4,not out,3,Test v Sri Lanka,Eden Gardens,16 Nov 2017,Test # 2281
364,213,386,267,17,2,79.77,4,caught,2,Test v Sri Lanka,Nagpur,24 Nov 2017,Test # 2283
365,243,447,287,25,0,84.66,4,lbw,1,Test v Sri Lanka,Delhi,2 Dec 2017,Test # 2286
366,50,89,58,3,0,86.20,5,caught,3,Test v Sri Lanka,Delhi,2 Dec 2017,Test # 2286
367,5,14,13,0,0,38.46,4,caught,2,Test v South Africa,Cape Town,5 Jan 2018,Test # 2292
368,28,62,40,4,0,70.00,4,lbw,4,Test v South Africa,Cape Town,5 Jan 2018,Test # 2292
369,153,379,217,15,0,70.50,4,caught,2,Test v South Africa,Centurion,13 Jan 2018,Test # 2293
370,5,22,20,1,0,25.00,4,lbw,4,Test v South Africa,Centurion,13 Jan 2018,Test # 2293
371,54,146,106,9,0,50.94,4,caught,1,Test v South Africa,Johannesburg,24 Jan 2018,Test # 2294
372,41,131,79,6,0,51.89,5,bowled,3,Test v South Africa,Johannesburg,24 Jan 2018,Test # 2294
373,112,164,119,10,0,94.11,3,caught,2,ODI v South Africa,Durban,1 Feb 2018,ODI # 3969
374,46*,64,50,4,1,92.00,3,not out,2,ODI v South Africa,Centurion,4 Feb 2018,ODI # 3970
375,160*,220,159,12,2,100.62,3,not out,1,ODI v South Africa,Cape Town,7 Feb 2018,ODI # 3971
376,75,119,83,7,1,90.36,3,caught,1,ODI v South Africa,Johannesburg,10 Feb 2018,ODI # 3973
377,36,76,54,2,0,66.66,3,run out,1,ODI v South Africa,Gqeberha,13 Feb 2018,ODI # 3976
378,129*,123,96,19,2,134.37,3,not out,2,ODI v South Africa,Centurion,16 Feb 2018,ODI # 3978
379,26,26,20,2,1,130.00,4,lbw,1,T20I v South Africa,Johannesburg,18 Feb 2018,T20I # 652
380,1,6,5,0,0,20.00,4,caught,1,T20I v South Africa,Centurion,21 Feb 2018,T20I # 654
381,0,1,2,0,0,0.00,6,caught,1,T20I v Ireland,Dublin (Malahide),27 Jun 2018,T20I # 678
382,9,-,8,1,0,112.50,2,caught,1,T20I v Ireland,Dublin (Malahide),29 Jun 2018,T20I # 680
383,20*,-,22,0,1,90.90,4,not out,2,T20I v England,Manchester,3 Jul 2018,T20I # 684
384,47,-,38,1,2,123.68,4,caught,1,T20I v England,Cardiff,6 Jul 2018,T20I # 688
385,43,-,29,2,2,148.27,4,caught,2,T20I v England,Bristol,8 Jul 2018,T20I # 690
386,75,-,82,7,0,91.46,3,stumped,2,ODI v England,Nottingham,12 Jul 2018,ODI # 4014
387,45,-,56,2,0,80.35,3,lbw,2,ODI v England,Lord's,14 Jul 2018,ODI # 4016
388,71,98,72,8,0,98.61,3,bowled,1,ODI v England,Leeds,17 Jul 2018,ODI # 4018
389,149,277,225,22,1,66.22,4,caught,2,Test v England,Birmingham,1 Aug 2018,Test # 2314
390,51,185,93,4,0,54.83,4,lbw,4,Test v England,Birmingham,1 Aug 2018,Test # 2314
391,23,73,57,2,0,40.35,4,caught,1,Test v England,Lord's,9 Aug 2018,Test # 2315
392,17,57,29,2,0,58.62,5,caught,3,Test v England,Lord's,9 Aug 2018,Test # 2315
393,97,243,152,11,0,63.81,4,caught,1,Test v England,Nottingham,18 Aug 2018,Test # 2316
394,103,292,197,10,0,52.28,4,lbw,3,Test v England,Nottingham,18 Aug 2018,Test # 2316
395,46,100,71,6,0,64.78,4,caught,2,Test v England,Southampton,30 Aug 2018,Test # 2317
396,58,170,130,4,0,44.61,4,caught,4,Test v England,Southampton,30 Aug 2018,Test # 2317
397,49,112,70,6,0,70.00,4,caught,2,Test v England,The Oval,7 Sep 2018,Test # 2318
398,0,3,1,0,0,0.00,4,caught,4,Test v England,The Oval,7 Sep 2018,Test # 2318
399,139,341,230,10,0,60.43,4,caught,1,Test v West Indies,Rajkot,4 Oct 2018,Test # 2319
400,45,86,78,5,0,57.69,4,lbw,2,Test v West Indies,Hyderabad,12 Oct 2018,Test # 2321
401,DNB,-,-,-,-,-,-,-,4,Test v West Indies,Hyderabad,12 Oct 2018,Test # 2321
402,140,-,107,21,2,130.84,3,stumped,2,ODI v West Indies,Guwahati,21 Oct 2018,ODI # 4056
403,157*,217,129,13,4,121.70,3,not out,1,ODI v West Indies,Visakhapatnam,24 Oct 2018,ODI # 4059
404,107,-,119,10,1,89.91,3,bowled,2,ODI v West Indies,Pune,27 Oct 2018,ODI # 4062
405,16,-,17,2,0,94.11,3,caught,1,ODI v West Indies,Brabourne,29 Oct 2018,ODI # 4063
406,33*,57,29,6,0,113.79,3,not out,2,ODI v West Indies,Thiruvananthapuram,1 Nov 2018,ODI # 4064
407,4,-,8,0,0,50.00,4,caught,2,T20I v Australia,Brisbane,21 Nov 2018,T20I # 712
408,TDNB,-,-,-,-,-,-,-,-,T20I v Australia,Melbourne,23 Nov 2018,T20I # 713
409,61*,-,41,4,2,148.78,3,not out,2,T20I v Australia,Sydney,25 Nov 2018,T20I # 714
410,3,17,16,0,0,18.75,4,caught,1,Test v Australia,Adelaide,6 Dec 2018,Test # 2333
411,34,132,104,3,0,32.69,4,caught,3,Test v Australia,Adelaide,6 Dec 2018,Test # 2333
412,123,373,257,13,1,47.85,4,caught,2,Test v Australia,Perth,14 Dec 2018,Test # 2334
413,17,64,40,2,0,42.50,4,caught,4,Test v Australia,Perth,14 Dec 2018,Test # 2334
414,82,305,204,9,0,40.19,4,caught,1,Test v Australia,Melbourne,26 Dec 2018,Test # 2337
415,0,6,4,0,0,0.00,4,caught,3,Test v Australia,Melbourne,26 Dec 2018,Test # 2337
416,23,-,59,4,0,38.98,4,caught,1,Test v Australia,Sydney,3 Jan 2019,Test # 2339
417,3,10,8,0,0,37.50,3,caught,2,ODI v Australia,Sydney,12 Jan 2019,ODI # 4077
418,104,150,112,5,2,92.85,3,caught,2,ODI v Australia,Adelaide,15 Jan 2019,ODI # 4078
419,46,-,62,3,0,74.19,3,caught,2,ODI v Australia,Melbourne,18 Jan 2019,ODI # 4079
420,45,59,59,3,0,76.27,3,caught,2,ODI v New Zealand,Napier,23 Jan 2019,ODI # 4082
421,43,59,45,5,0,95.55,3,caught,1,ODI v New Zealand,Mount Maunganui,26 Jan 2019,ODI # 4085
422,60,94,74,6,1,81.08,3,caught,2,ODI v New Zealand,Mount Maunganui,28 Jan 2019,ODI # 4088
423,24,25,17,3,0,141.17,3,caught,1,T20I v Australia,Visakhapatnam,24 Feb 2019,T20I # 748
424,72*,63,38,2,6,189.47,3,not out,1,T20I v Australia,Bengaluru,27 Feb 2019,T20I # 749
425,44,-,45,6,1,97.77,3,lbw,2,ODI v Australia,Hyderabad,2 Mar 2019,ODI # 4102
426,116,-,120,10,0,96.66,3,caught,1,ODI v Australia,Nagpur,5 Mar 2019,ODI # 4106
427,123,-,95,16,1,129.47,3,bowled,2,ODI v Australia,Ranchi,8 Mar 2019,ODI # 4109
428,7,-,6,1,0,116.66,4,caught,1,ODI v Australia,Mohali,10 Mar 2019,ODI # 4111
429,20,-,22,2,0,90.90,3,caught,2,ODI v Australia,Delhi,13 Mar 2019,ODI # 4113
430,18,44,34,1,0,52.94,3,caught,2,ODI v South Africa,Southampton,5 Jun 2019,ODI # 4150
431,82,128,77,4,2,106.49,3,caught,1,ODI v Australia,The Oval,9 Jun 2019,ODI # 4155
432,77,105,65,7,0,118.46,3,caught,1,ODI v Pakistan,Manchester,16 Jun 2019,ODI # 4161
433,67,105,63,5,0,106.34,3,caught,1,ODI v Afghanistan,Southampton,22 Jun 2019,ODI # 4169
434,72,146,82,8,0,87.80,3,caught,1,ODI v West Indies,Manchester,27 Jun 2019,ODI # 4175
435,66,103,76,7,0,86.84,3,caught,2,ODI v England,Birmingham,30 Jun 2019,ODI # 4179
436,26,45,27,3,0,96.29,3,caught,1,ODI v Bangladesh,Birmingham,2 Jul 2019,ODI # 4182
437,34*,61,41,3,0,82.92,3,not out,2,ODI v Sri Lanka,Leeds,6 Jul 2019,ODI # 4187
438,1,8,6,0,0,16.66,3,lbw,2,ODI v New Zealand,Manchester,9 Jul 2019,ODI # 4190
439,19,-,29,1,0,65.51,3,caught,2,T20I v West Indies,Lauderhill,3 Aug 2019,T20I # 842
440,28,-,23,1,1,121.73,3,bowled,1,T20I v West Indies,Lauderhill,4 Aug 2019,T20I # 843
441,59,-,45,6,0,131.11,3,caught,2,T20I v West Indies,Providence,6 Aug 2019,T20I # 846
442,TDNB,-,-,-,-,-,-,-,-,ODI v West Indies,Providence,8 Aug 2019,ODI # 4196
443,120,179,125,14,1,96.00,3,caught,1,ODI v West Indies,Port of Spain,11 Aug 2019,ODI # 4197
444,114*,127,99,14,0,115.15,3,not out,2,ODI v West Indies,Port of Spain,14 Aug 2019,ODI # 4199
445,9,-,12,2,0,75.00,4,caught,1,Test v West Indies,North Sound,22 Aug 2019,Test # 2358
446,51,-,113,2,0,45.13,4,caught,3,Test v West Indies,North Sound,22 Aug 2019,Test # 2358
447,76,211,163,10,0,46.62,4,caught,1,Test v West Indies,Kingston,30 Aug 2019,Test # 2359
448,0,3,1,0,0,0.00,4,caught,3,Test v West Indies,Kingston,30 Aug 2019,Test # 2359
449,72*,66,52,4,3,138.46,3,not out,2,T20I v South Africa,Mohali,18 Sep 2019,T20I # 888
450,9,28,15,0,0,60.00,3,caught,1,T20I v South Africa,Bengaluru,22 Sep 2019,T20I # 893
451,20,-,40,4,0,50.00,4,caught,1,Test v South Africa,Visakhapatnam,2 Oct 2019,Test # 2363
452,31*,-,25,3,1,124.00,5,not out,3,Test v South Africa,Visakhapatnam,2 Oct 2019,Test # 2363
453,254*,-,336,33,2,75.59,4,not out,1,Test v South Africa,Pune,10 Oct 2019,Test # 2364
454,12,-,22,2,0,54.54,4,lbw,1,Test v South Africa,Ranchi,19 Oct 2019,Test # 2365
455,0,-,2,0,0,0.00,4,lbw,2,Test v Bangladesh,Indore,14 Nov 2019,Test # 2366
456,136,-,194,18,0,70.10,4,caught,2,Test v Bangladesh,Eden Gardens,22 Nov 2019,Test # 2369
457,94*,-,50,6,6,188.00,3,not out,2,T20I v West Indies,Hyderabad,6 Dec 2019,T20I # 1020
458,19,-,17,2,0,111.76,4,caught,1,T20I v West Indies,Thiruvananthapuram,8 Dec 2019,T20I # 1022
459,70*,-,29,4,7,241.37,4,not out,1,T20I v West Indies,Wankhede,11 Dec 2019,T20I # 1024
460,4,-,4,1,0,100.00,3,bowled,1,ODI v West Indies,Chennai,15 Dec 2019,ODI # 4221
461,0,-,1,0,0,0.00,3,caught,1,ODI v West Indies,Visakhapatnam,18 Dec 2019,ODI # 4222
462,85,-,81,9,0,104.93,3,bowled,2,ODI v West Indies,Cuttack,22 Dec 2019,ODI # 4223
463,TDNB,-,-,-,-,-,-,-,-,T20I v Sri Lanka,Guwahati,5 Jan 2020,T20I # 1025
464,30*,-,17,1,2,176.47,4,not out,2,T20I v Sri Lanka,Indore,7 Jan 2020,T20I # 1026
465,26,-,17,2,1,152.94,6,run out,1,T20I v Sri Lanka,Pune,10 Jan 2020,T20I # 1027
466,16,-,14,0,1,114.28,4,caught,1,ODI v Australia,Wankhede,14 Jan 2020,ODI # 4231
467,78,-,76,6,0,102.63,3,caught,1,ODI v Australia,Rajkot,17 Jan 2020,ODI # 4232
468,89,-,91,8,0,97.80,3,bowled,2,ODI v Australia,Bengaluru,19 Jan 2020,ODI # 4233
469,45,-,32,3,1,140.62,3,caught,2,T20I v New Zealand,Auckland,24 Jan 2020,T20I # 1031
470,11,21,12,1,0,91.66,3,caught,2,T20I v New Zealand,Auckland,26 Jan 2020,T20I # 1034
471,38,31,27,2,1,140.74,4,caught,1,T20I v New Zealand,Hamilton,29 Jan 2020,T20I # 1035
472,11,16,9,2,0,122.22,3,caught,1,T20I v New Zealand,Wellington,31 Jan 2020,T20I # 1036
473,51,88,63,6,0,80.95,3,bowled,1,ODI v New Zealand,Hamilton,5 Feb 2020,ODI # 4235
474,15,31,25,1,0,60.00,3,bowled,2,ODI v New Zealand,Auckland,8 Feb 2020,ODI # 4239
475,9,20,12,0,1,75.00,3,caught,1,ODI v New Zealand,Mount Maunganui,11 Feb 2020,ODI # 4243
476,2,9,7,0,0,28.57,4,caught,1,Test v New Zealand,Wellington,21 Feb 2020,Test # 2385
477,19,61,43,3,0,44.18,4,caught,3,Test v New Zealand,Wellington,21 Feb 2020,Test # 2385
478,3,23,15,0,0,20.00,4,lbw,1,Test v New Zealand,Christchurch,29 Feb 2020,Test # 2387
479,14,40,30,3,0,46.66,4,lbw,3,Test v New Zealand,Christchurch,29 Feb 2020,Test # 2387
480,21,-,21,2,1,100.00,3,caught,2,ODI v Australia,Sydney,27 Nov 2020,ODI # 4265
481,89,-,87,7,2,102.29,3,caught,2,ODI v Australia,Sydney,29 Nov 2020,ODI # 4266
482,63,-,78,5,0,80.76,3,caught,1,ODI v Australia,Canberra,2 Dec 2020,ODI # 4267
483,9,-,9,1,0,100.00,3,caught,1,T20I v Australia,Canberra,4 Dec 2020,T20I # 1114
484,40,-,24,2,2,166.66,3,caught,2,T20I v Australia,Sydney,6 Dec 2020,T20I # 1115
485,85,-,61,4,3,139.34,3,caught,2,T20I v Australia,Sydney,8 Dec 2020,T20I # 1116
486,74,244,180,8,0,41.11,4,run out,1,Test v Australia,Adelaide,17 Dec 2020,Test # 2396
487,4,13,8,1,0,50.00,5,caught,3,Test v Australia,Adelaide,17 Dec 2020,Test # 2396
488,11,69,48,0,0,22.91,4,caught,2,Test v England,Chennai,5 Feb 2021,Test # 2409
489,72,153,104,9,0,69.23,4,bowled,4,Test v England,Chennai,5 Feb 2021,Test # 2409
490,0,6,5,0,0,0.00,4,bowled,1,Test v England,Chennai,13 Feb 2021,Test # 2411
491,62,200,149,7,0,41.61,4,lbw,3,Test v England,Chennai,13 Feb 2021,Test # 2411
492,27,85,58,3,0,46.55,4,bowled,2,Test v England,Ahmedabad,24 Feb 2021,Test # 2412
493,DNB,-,-,-,-,-,-,-,4,Test v England,Ahmedabad,24 Feb 2021,Test # 2412
494,0,13,8,0,0,0.00,4,caught,2,Test v England,Ahmedabad,4 Mar 2021,Test # 2414
495,0,6,5,0,0,0.00,3,caught,1,T20I v England,Ahmedabad,12 Mar 2021,T20I # 1131
496,73*,85,49,5,3,148.97,3,not out,2,T20I v England,Ahmedabad,14 Mar 2021,T20I # 1132
497,77*,80,46,8,4,167.39,4,not out,1,T20I v England,Ahmedabad,16 Mar 2021,T20I # 1133
498,1,3,5,0,0,20.00,4,stumped,1,T20I v England,Ahmedabad,18 Mar 2021,T20I # 1135
499,80*,103,52,7,2,153.84,2,not out,1,T20I v England,Ahmedabad,20 Mar 2021,T20I # 1138
500,56,65,60,6,0,93.33,3,caught,1,ODI v England,Pune,23 Mar 2021,ODI # 4281
501,66,110,79,3,1,83.54,3,caught,1,ODI v England,Pune,26 Mar 2021,ODI # 4283
502,7,14,10,1,0,70.00,3,bowled,1,ODI v England,Pune,28 Mar 2021,ODI # 4284
503,44,196,132,1,0,33.33,4,lbw,1,Test v New Zealand,Southampton,18 Jun 2021,Test # 2425
504,13,43,29,0,0,44.82,4,caught,3,Test v New Zealand,Southampton,18 Jun 2021,Test # 2425
505,0,2,1,0,0,0.00,4,caught,2,Test v England,Nottingham,4 Aug 2021,Test # 2428
506,DNB,-,-,-,-,-,-,-,4,Test v England,Nottingham,4 Aug 2021,Test # 2428
507,42,152,103,3,0,40.77,4,caught,1,Test v England,Lord's,12 Aug 2021,Test # 2429
508,20,54,31,4,0,64.51,4,caught,3,Test v England,Lord's,12 Aug 2021,Test # 2429
509,7,31,17,1,0,41.17,4,caught,1,Test v England,Leeds,25 Aug 2021,Test # 2432
510,55,173,125,8,0,44.00,4,caught,3,Test v England,Leeds,25 Aug 2021,Test # 2432
511,50,133,96,8,0,52.08,4,caught,1,Test v England,The Oval,2 Sep 2021,Test # 2433
512,44,151,96,7,0,45.83,4,caught,3,Test v England,The Oval,2 Sep 2021,Test # 2433
513,57,94,49,5,1,116.32,3,caught,1,T20I v Pakistan,Dubai (DICS),24 Oct 2021,T20I # 1361
514,9,20,17,0,0,52.94,4,caught,1,T20I v New Zealand,Dubai (DICS),31 Oct 2021,T20I # 1381
515,DNB,-,-,-,-,-,-,-,1,T20I v Afghanistan,Abu Dhabi,3 Nov 2021,T20I # 1390
516,2*,7,2,0,0,100.00,3,not out,2,T20I v Scotland,Dubai (DICS),5 Nov 2021,T20I # 1396
517,DNB,-,-,-,-,-,-,-,2,T20I v Namibia,Dubai (DICS),8 Nov 2021,T20I # 1410
518,0,8,4,0,0,0.00,4,lbw,1,Test v New Zealand,Wankhede,3 Dec 2021,Test # 2438
519,36,111,84,1,1,42.85,4,bowled,3,Test v New Zealand,Wankhede,3 Dec 2021,Test # 2438
520,35,108,94,4,0,37.23,4,caught,1,Test v South Africa,Centurion,26 Dec 2021,Test # 2443
521,18,41,32,4,0,56.25,5,caught,3,Test v South Africa,Centurion,26 Dec 2021,Test # 2443
522,79,273,201,12,1,39.30,4,caught,1,Test v South Africa,Cape Town,11 Jan 2022,Test # 2448
523,29,193,143,4,0,20.27,4,caught,3,Test v South Africa,Cape Town,11 Jan 2022,Test # 2448
524,51,79,63,3,0,80.95,3,caught,2,ODI v South Africa,Paarl,19 Jan 2022,ODI # 4344
525,0,4,5,0,0,0.00,3,caught,1,ODI v South Africa,Paarl,21 Jan 2022,ODI # 4346
526,65,112,84,5,0,77.38,3,caught,2,ODI v South Africa,Cape Town,23 Jan 2022,ODI # 4349
527,8,6,4,2,0,200.00,3,caught,2,ODI v West Indies,Ahmedabad,6 Feb 2022,ODI # 4353
528,18,42,30,3,0,60.00,3,caught,1,ODI v West Indies,Ahmedabad,9 Feb 2022,ODI # 4355
529,0,2,2,0,0,0.00,3,caught,1,ODI v West Indies,Ahmedabad,11 Feb 2022,ODI # 4356
530,17,25,13,1,0,130.76,3,caught,2,T20I v West Indies,Eden Gardens,16 Feb 2022,T20I # 1467
531,52,57,41,7,1,126.82,3,bowled,1,T20I v West Indies,Eden Gardens,18 Feb 2022,T20I # 1473
532,45,106,76,5,0,59.21,4,bowled,1,Test v Sri Lanka,Mohali,4 Mar 2022,Test # 2452
533,23,63,48,2,0,47.91,4,lbw,1,Test v Sri Lanka,Bengaluru,12 Mar 2022,Test # 2456
534,13,27,16,1,0,81.25,4,lbw,3,Test v Sri Lanka,Bengaluru,12 Mar 2022,Test # 2456
535,11,33,19,2,0,57.89,4,bowled,1,Test v England,Birmingham,1 Jul 2022,Test # 2470
536,20,64,40,4,0,50.00,4,caught,3,Test v England,Birmingham,1 Jul 2022,Test # 2470
537,1,8,3,0,0,33.33,3,caught,1,T20I v England,Birmingham,9 Jul 2022,T20I # 1628
538,11,8,6,1,1,183.33,3,caught,2,T20I v England,Nottingham,10 Jul 2022,T20I # 1631
539,16,39,25,3,0,64.00,3,caught,2,ODI v England,Lord's,14 Jul 2022,ODI # 4428
540,17,27,22,3,0,77.27,3,caught,2,ODI v England,Manchester,17 Jul 2022,ODI # 4433
541,35,47,34,3,1,102.94,3,caught,2,T20I v Pakistan,Dubai (DICS),28 Aug 2022,T20I # 1750
542,59*,74,44,1,3,134.09,3,not out,1,T20I v Hong Kong,Dubai (DICS),31 Aug 2022,T20I # 1754
543,60,77,44,4,1,136.36,3,run out,1,T20I v Pakistan,Dubai (DICS),4 Sep 2022,T20I # 1758
544,0,6,4,0,0,0.00,3,bowled,1,T20I v Sri Lanka,Dubai (DICS),6 Sep 2022,T20I # 1759
545,122*,90,61,12,6,200.00,2,not out,1,T20I v Afghanistan,Dubai (DICS),8 Sep 2022,T20I # 1761
546,2,12,7,0,0,28.57,3,caught,1,T20I v Australia,Mohali,20 Sep 2022,T20I # 1788
547,11,-,6,2,0,183.33,3,bowled,2,T20I v Australia,Nagpur,23 Sep 2022,T20I # 1794
548,63,89,48,3,4,131.25,3,caught,2,T20I v Australia,Hyderabad,25 Sep 2022,T20I # 1796
549,3,19,9,0,0,33.33,3,caught,2,T20I v South Africa,Thiruvananthapuram,28 Sep 2022,T20I # 1800
550,49*,56,28,7,1,175.00,3,not out,1,T20I v South Africa,Guwahati,2 Oct 2022,T20I # 1803
551,82*,98,53,6,4,154.71,3,not out,2,T20I v Pakistan,Melbourne,23 Oct 2022,T20I # 1842
552,62*,79,44,3,2,140.90,3,not out,1,T20I v Netherlands,Sydney,27 Oct 2022,T20I # 1848
553,12,13,11,2,0,109.09,3,caught,1,T20I v South Africa,Perth,30 Oct 2022,T20I # 1853
554,64*,84,44,8,1,145.45,3,not out,1,T20I v Bangladesh,Adelaide,2 Nov 2022,T20I # 1860
555,26,36,25,2,0,104.00,3,caught,1,T20I v Zimbabwe,Melbourne,6 Nov 2022,T20I # 1873
556,50,75,40,4,1,125.00,3,caught,1,T20I v England,Adelaide,10 Nov 2022,T20I # 1878
557,9,22,15,1,0,60.00,3,caught,1,ODI v Bangladesh,Mirpur,4 Dec 2022,ODI # 4493
558,5,9,6,1,0,83.33,1,bowled,2,ODI v Bangladesh,Mirpur,7 Dec 2022,ODI # 4496
559,113,174,91,11,2,124.17,3,caught,1,ODI v Bangladesh,Chattogram,10 Dec 2022,ODI # 4499
560,1,8,5,0,0,20.00,4,lbw,1,Test v Bangladesh,Chattogram,14 Dec 2022,Test # 2481
561,19*,40,29,0,0,65.51,4,not out,3,Test v Bangladesh,Chattogram,14 Dec 2022,Test # 2481
562,24,91,73,3,0,32.87,4,caught,2,Test v Bangladesh,Mirpur,22 Dec 2022,Test # 2484
563,1,20,22,0,0,4.54,5,caught,4,Test v Bangladesh,Mirpur,22 Dec 2022,Test # 2484
564,113,117,87,12,1,129.88,3,caught,1,ODI v Sri Lanka,Guwahati,10 Jan 2023,ODI # 4501
565,4,27,9,1,0,44.44,3,bowled,2,ODI v Sri Lanka,Eden Gardens,12 Jan 2023,ODI # 4503
566,166*,173,110,13,8,150.90,3,not out,1,ODI v Sri Lanka,Thiruvananthapuram,15 Jan 2023,ODI # 4505
567,8,16,10,1,0,80.00,3,bowled,1,ODI v New Zealand,Hyderabad,18 Jan 2023,ODI # 4507
568,11,19,9,2,0,122.22,3,stumped,2,ODI v New Zealand,Raipur,21 Jan 2023,ODI # 4509
569,36,44,27,3,1,133.33,3,caught,1,ODI v New Zealand,Indore,24 Jan 2023,ODI # 4511
570,12,27,26,2,0,46.15,5,caught,2,Test v Australia,Nagpur,9 Feb 2023,Test # 2490
571,44,127,84,4,0,52.38,4,lbw,2,Test v Australia,Delhi,17 Feb 2023,Test # 2493
572,20,47,31,3,0,64.51,4,stumped,4,Test v Australia,Delhi,17 Feb 2023,Test # 2493
573,22,64,52,2,0,42.30,4,lbw,1,Test v Australia,Indore,1 Mar 2023,Test # 2496
574,13,35,26,2,0,50.00,4,lbw,3,Test v Australia,Indore,1 Mar 2023,Test # 2496
575,186,517,364,15,0,51.09,4,caught,2,Test v Australia,Ahmedabad,9 Mar 2023,Test # 2499
576,4,15,9,1,0,44.44,3,lbw,2,ODI v Australia,Wankhede,17 Mar 2023,ODI # 4538
577,31,79,35,4,0,88.57,3,lbw,1,ODI v Australia,Visakhapatnam,19 Mar 2023,ODI # 4541
578,54,118,72,2,1,75.00,3,caught,2,ODI v Australia,Chennai,22 Mar 2023,ODI # 4545
579,14,56,31,2,0,45.16,4,caught,2,Test v Australia,The Oval,7 Jun 2023,Test # 2505
580,49,115,78,7,0,62.82,4,caught,4,Test v Australia,The Oval,7 Jun 2023,Test # 2505
581,76,262,182,5,0,41.75,4,caught,2,Test v West Indies,Roseau,12 Jul 2023,Test # 2510
582,121,272,206,11,0,58.73,4,run out,1,Test v West Indies,Port of Spain,20 Jul 2023,Test # 2513
583,DNB,-,-,-,-,-,-,-,3,Test v West Indies,Port of Spain,20 Jul 2023,Test # 2513
584,DNB,-,-,-,-,-,-,-,2,ODI v West Indies,Bridgetown,27 Jul 2023,ODI # 4622
585,4,8,7,1,0,57.14,3,bowled,1,ODI v Pakistan,Pallekele,2 Sep 2023,ODI # 4630
586,DNB,-,-,-,-,-,-,-,2,ODI v Nepal,Pallekele,4 Sep 2023,ODI # 4632
587,122*,147,94,9,3,129.78,3,not out,1,ODI v Pakistan,Colombo (RPS),10 Sep 2023,ODI # 4639
588,3,12,12,0,0,25.00,3,caught,1,ODI v Sri Lanka,Colombo (RPS),12 Sep 2023,ODI # 4641
589,DNB,-,-,-,-,-,-,-,2,ODI v Sri Lanka,Colombo (RPS),17 Sep 2023,ODI # 4649
590,56,63,61,5,1,91.80,3,caught,2,ODI v Australia,Rajkot,27 Sep 2023,ODI # 4657
591,85,171,116,6,0,73.27,3,caught,2,ODI v Australia,Chennai,8 Oct 2023,ODI # 4662
592,55*,64,56,6,0,98.21,3,not out,2,ODI v Afghanistan,Delhi,11 Oct 2023,ODI # 4666
593,16,31,18,3,0,88.88,3,caught,2,ODI v Pakistan,Ahmedabad,14 Oct 2023,ODI # 4669
594,103*,113,97,6,4,106.18,3,not out,2,ODI v Bangladesh,Pune,19 Oct 2023,ODI # 4674
595,95,154,104,8,2,91.34,3,caught,2,ODI v New Zealand,Dharamsala,22 Oct 2023,ODI # 4678
596,0,12,9,0,0,0.00,3,caught,1,ODI v England,Lucknow,29 Oct 2023,ODI # 4686
597,88,139,94,11,0,93.61,3,caught,1,ODI v Sri Lanka,Wankhede,2 Nov 2023,ODI # 4690
598,101*,195,121,10,0,83.47,3,not out,1,ODI v South Africa,Eden Gardens,5 Nov 2023,ODI # 4694
599,51,69,56,5,1,91.07,3,bowled,1,ODI v Netherlands,Bengaluru,12 Nov 2023,ODI # 4702
600,117,149,113,9,2,103.53,3,caught,1,ODI v New Zealand,Wankhede,15 Nov 2023,ODI # 4703
601,54,99,63,4,0,85.71,3,bowled,1,ODI v Australia,Ahmedabad,19 Nov 2023,ODI # 4705
602,38,96,64,5,0,59.37,4,caught,1,Test v South Africa,Centurion,26 Dec 2023,Test # 2520
603,76,137,82,12,1,92.68,4,caught,3,Test v South Africa,Centurion,26 Dec 2023,Test # 2520
604,46,103,59,6,1,77.96,4,caught,2,Test v South Africa,Cape Town,3 Jan 2024,Test # 2522
605,12,13,11,2,0,109.09,4,caught,4,Test v South Africa,Cape Town,3 Jan 2024,Test # 2522
606,29,20,16,5,0,181.25,3,caught,2,T20I v Afghanistan,Indore,14 Jan 2024,T20I # 2431
607,0,1,1,0,0,0.00,3,caught,1,T20I v Afghanistan,Bengaluru,17 Jan 2024,T20I # 2435
608,1,13,5,0,0,20.00,2,caught,2,T20I v Ireland,New York,5 Jun 2024,T20I # 2639
609,4,7,3,1,0,133.33,2,caught,1,T20I v Pakistan,New York,9 Jun 2024,T20I # 2658
610,0,1,1,0,0,0.00,2,caught,2,T20I v U.S.A.,New York,12 Jun 2024,T20I # 2671
611,24,41,24,0,1,100.00,2,caught,1,T20I v Afghanistan,Bridgetown,20 Jun 2024,T20I # 2710
612,37,34,28,1,3,132.14,2,bowled,1,T20I v Bangladesh,North Sound,22 Jun 2024,T20I # 2716
613,0,8,5,0,0,0.00,2,caught,1,T20I v Australia,Gros Islet,24 Jun 2024,T20I # 2721
614,9,10,9,0,1,100.00,2,bowled,1,T20I v England,Providence,27 Jun 2024,T20I # 2724
615,76,87,59,6,2,128.81,2,caught,1,T20I v South Africa,Bridgetown,29 Jun 2024,T20I # 2729
616,24,42,32,2,0,75.00,3,lbw,2,ODI v Sri Lanka,Colombo (RPS),2 Aug 2024,ODI # 4752
617,14,27,19,2,0,73.68,3,lbw,2,ODI v Sri Lanka,Colombo (RPS),4 Aug 2024,ODI # 4753
618,20,29,18,4,0,111.11,3,lbw,2,ODI v Sri Lanka,Colombo (RPS),7 Aug 2024,ODI # 4754
619,6,9,6,0,0,100.00,4,caught,1,Test v Bangladesh,Chennai,19 Sep 2024,Test # 2550
620,17,43,37,2,0,45.94,4,lbw,3,Test v Bangladesh,Chennai,19 Sep 2024,Test # 2550
621,47,50,35,4,1,134.28,5,bowled,2,Test v Bangladesh,Kanpur,27 Sep 2024,Test # 2552
622,29*,40,37,4,0,78.37,4,not out,4,Test v Bangladesh,Kanpur,27 Sep 2024,Test # 2552
623,0,12,9,0,0,0.00,3,caught,1,Test v New Zealand,Bengaluru,16 Oct 2024,Test # 2555
624,70,136,102,8,1,68.62,3,caught,3,Test v New Zealand,Bengaluru,16 Oct 2024,Test # 2555
625,1,6,9,0,0,11.11,4,bowled,2,Test v New Zealand,Pune,24 Oct 2024,Test # 2557
626,17,55,40,2,0,42.50,4,lbw,4,Test v New Zealand,Pune,24 Oct 2024,Test # 2557
627,4,5,6,1,0,66.66,5,run out,2,Test v New Zealand,Wankhede,1 Nov 2024,Test # 2560
628,1,6,7,0,0,14.28,4,caught,4,Test v New Zealand,Wankhede,1 Nov 2024,Test # 2560
629,5,25,12,0,0,41.66,4,caught,1,Test v Australia,Perth,22 Nov 2024,Test # 2561
630,100*,226,143,8,2,69.93,4,not out,3,Test v Australia,Perth,22 Nov 2024,Test # 2561
631,7,8,8,1,0,87.50,4,caught,1,Test v Australia,Adelaide,6 Dec 2024,Test # 2568
632,11,31,21,1,0,52.38,4,caught,3,Test v Australia,Adelaide,6 Dec 2024,Test # 2568
633,3,25,16,0,0,18.75,4,caught,2,Test v Australia,Brisbane,14 Dec 2024,Test # 2570
634,DNB,-,-,-,-,-,-,-,4,Test v Australia,Brisbane,14 Dec 2024,Test # 2570
635,36,125,86,4,0,41.86,4,caught,2,Test v Australia,Melbourne,26 Dec 2024,Test # 2571
636,5,40,29,0,0,17.24,4,caught,4,Test v Australia,Melbourne,26 Dec 2024,Test # 2571
637,17,101,69,0,0,24.63,4,caught,1,Test v Australia,Sydney,3 Jan 2025,Test # 2575
638,6,14,12,1,0,50.00,4,caught,3,Test v Australia,Sydney,3 Jan 2025,Test # 2575
