,Dis,Ct,St,Ct Wk,Ct Fi,Inns,Opposition,Ground,Start Date,Match id
0,0,0,0,0,0,2,ODI v Sri Lanka,Dambulla,18 Aug 2008,ODI # 2742
1,3,3,0,0,3,1,ODI v Sri Lanka,Dambulla,20 Aug 2008,ODI # 2745
2,0,0,0,0,0,2,ODI v Sri Lanka,Colombo (RPS),24 Aug 2008,ODI # 2750
3,0,0,0,0,0,2,ODI v Sri Lanka,Colombo (RPS),27 Aug 2008,ODI # 2755
4,0,0,0,0,0,1,ODI v Sri Lanka,Colombo (RPS),29 Aug 2008,ODI # 2756
5,0,0,0,0,0,2,ODI v Sri Lanka,Colombo (RPS),14 Sep 2009,ODI # 2889
6,1,1,0,0,1,1,ODI v Pakistan,Centurion,26 Sep 2009,ODI # 2898
7,0,0,0,0,0,1,ODI v Australia,Centurion,28 Sep 2009,ODI # 2901
8,0,0,0,0,0,1,ODI v West Indies,Johannesburg,30 Sep 2009,ODI # 2904
9,1,1,0,0,1,1,ODI v Australia,Vadodara,25 Oct 2009,ODI # 2913
10,0,0,0,0,0,1,ODI v Australia,Mohali,2 Nov 2009,ODI # 2919
11,0,0,0,0,0,2,ODI v Sri Lanka,Rajkot,15 Dec 2009,ODI # 2932
12,1,1,0,0,1,2,ODI v Sri Lanka,Nagpur,18 Dec 2009,ODI # 2933
13,1,1,0,0,1,1,ODI v Sri Lanka,Eden Gardens,24 Dec 2009,ODI # 2935
14,0,0,0,0,0,1,ODI v Sri Lanka,Delhi,27 Dec 2009,ODI # 2936
15,0,0,0,0,0,2,ODI v Sri Lanka,Mirpur,5 Jan 2010,ODI # 2938
16,1,1,0,0,1,1,ODI v Bangladesh,Mirpur,7 Jan 2010,ODI # 2939
17,1,1,0,0,1,1,ODI v Sri Lanka,Mirpur,10 Jan 2010,ODI # 2941
18,1,1,0,0,1,1,ODI v Bangladesh,Mirpur,11 Jan 2010,ODI # 2942
19,1,1,0,0,1,2,ODI v Sri Lanka,Mirpur,13 Jan 2010,ODI # 2943
20,1,1,0,0,1,2,ODI v South Africa,Jaipur,21 Feb 2010,ODI # 2961
21,0,0,0,0,0,2,ODI v South Africa,Gwalior,24 Feb 2010,ODI # 2962
22,0,0,0,0,0,1,ODI v South Africa,Ahmedabad,27 Feb 2010,ODI # 2963
23,0,0,0,0,0,2,ODI v Zimbabwe,Bulawayo,28 May 2010,ODI # 2981
24,0,0,0,0,0,1,ODI v Sri Lanka,Bulawayo,30 May 2010,ODI # 2983
25,1,1,0,0,1,2,ODI v Zimbabwe,Harare,3 Jun 2010,ODI # 2986
26,1,1,0,0,1,2,ODI v Sri Lanka,Harare,5 Jun 2010,ODI # 2988
27,0,0,0,0,0,1,T20I v Zimbabwe,Harare,12 Jun 2010,T20I # 182
28,0,0,0,0,0,1,T20I v Zimbabwe,Harare,13 Jun 2010,T20I # 183
29,0,0,0,0,0,1,ODI v Bangladesh,Dambulla,16 Jun 2010,ODI # 2993
30,1,1,0,0,1,1,ODI v Pakistan,Dambulla,19 Jun 2010,ODI # 2996
31,0,0,0,0,0,2,ODI v Sri Lanka,Dambulla,22 Jun 2010,ODI # 2999
32,0,0,0,0,0,2,ODI v Sri Lanka,Dambulla,24 Jun 2010,ODI # 3001
33,0,0,0,0,0,1,ODI v Sri Lanka,Dambulla,16 Aug 2010,ODI # 3032
34,0,0,0,0,0,2,ODI v New Zealand,Dambulla,25 Aug 2010,ODI # 3039
35,0,0,0,0,0,1,ODI v Sri Lanka,Dambulla,28 Aug 2010,ODI # 3040
36,0,0,0,0,0,1,ODI v Australia,Visakhapatnam,20 Oct 2010,ODI # 3060
37,0,0,0,0,0,2,ODI v New Zealand,Guwahati,28 Nov 2010,ODI # 3070
38,1,1,0,0,1,1,ODI v New Zealand,Jaipur,1 Dec 2010,ODI # 3072
39,0,0,0,0,0,1,ODI v New Zealand,Vadodara,4 Dec 2010,ODI # 3074
40,0,0,0,0,0,1,ODI v New Zealand,Bengaluru,7 Dec 2010,ODI # 3076
41,0,0,0,0,0,1,ODI v New Zealand,Chennai,10 Dec 2010,ODI # 3077
42,1,1,0,0,1,2,T20I v South Africa,Durban,9 Jan 2011,T20I # 196
43,0,0,0,0,0,1,ODI v South Africa,Durban,12 Jan 2011,ODI # 3079
44,0,0,0,0,0,2,ODI v South Africa,Johannesburg,15 Jan 2011,ODI # 3080
45,3,3,0,0,3,1,ODI v South Africa,Cape Town,18 Jan 2011,ODI # 3082
46,1,1,0,0,1,1,ODI v South Africa,Gqeberha,21 Jan 2011,ODI # 3084
47,0,0,0,0,0,1,ODI v South Africa,Centurion,23 Jan 2011,ODI # 3087
48,0,0,0,0,0,2,ODI v Bangladesh,Mirpur,19 Feb 2011,ODI # 3100
49,1,1,0,0,1,2,ODI v England,Bengaluru,27 Feb 2011,ODI # 3110
50,0,0,0,0,0,1,ODI v Ireland,Bengaluru,6 Mar 2011,ODI # 3121
51,0,0,0,0,0,1,ODI v Netherlands,Delhi,9 Mar 2011,ODI # 3124
52,1,1,0,0,1,2,ODI v South Africa,Nagpur,12 Mar 2011,ODI # 3128
53,0,0,0,0,0,2,ODI v West Indies,Chennai,20 Mar 2011,ODI # 3141
54,0,0,0,0,0,1,ODI v Australia,Ahmedabad,24 Mar 2011,ODI # 3143
55,1,1,0,0,1,2,ODI v Pakistan,Mohali,30 Mar 2011,ODI # 3147
56,0,0,0,0,0,1,ODI v Sri Lanka,Wankhede,2 Apr 2011,ODI # 3148
57,2,2,0,0,2,2,T20I v West Indies,Port of Spain,4 Jun 2011,T20I # 200
58,1,1,0,0,1,1,ODI v West Indies,Port of Spain,6 Jun 2011,ODI # 3159
59,0,0,0,0,0,1,ODI v West Indies,Port of Spain,8 Jun 2011,ODI # 3160
60,1,1,0,0,1,1,ODI v West Indies,North Sound,11 Jun 2011,ODI # 3161
61,2,2,0,0,2,1,ODI v West Indies,North Sound,13 Jun 2011,ODI # 3162
62,0,0,0,0,0,2,ODI v West Indies,Kingston,16 Jun 2011,ODI # 3163
63,0,0,0,0,0,2,Test v West Indies,Kingston,20 Jun 2011,Test # 1997
64,2,2,0,0,2,4,Test v West Indies,Kingston,20 Jun 2011,Test # 1997
65,2,2,0,0,2,2,Test v West Indies,Bridgetown,28 Jun 2011,Test # 1998
66,0,0,0,0,0,4,Test v West Indies,Bridgetown,28 Jun 2011,Test # 1998
67,0,0,0,0,0,1,Test v West Indies,Roseau,6 Jul 2011,Test # 1999
68,1,1,0,0,1,3,Test v West Indies,Roseau,6 Jul 2011,Test # 1999
69,0,0,0,0,0,2,T20I v England,Manchester,31 Aug 2011,T20I # 204
70,0,0,0,0,0,2,ODI v England,Chester-le-Street,3 Sep 2011,ODI # 3186
71,2,2,0,0,2,2,ODI v England,Southampton,6 Sep 2011,ODI # 3187
72,0,0,0,0,0,2,ODI v England,The Oval,9 Sep 2011,ODI # 3189
73,1,1,0,0,1,2,ODI v England,Lord's,11 Sep 2011,ODI # 3191
74,0,0,0,0,0,2,ODI v England,Cardiff,16 Sep 2011,ODI # 3195
75,0,0,0,0,0,2,ODI v England,Hyderabad,14 Oct 2011,ODI # 3199
76,2,2,0,0,2,1,ODI v England,Delhi,17 Oct 2011,ODI # 3201
77,0,0,0,0,0,1,ODI v England,Mohali,20 Oct 2011,ODI # 3205
78,1,1,0,0,1,1,ODI v England,Wankhede,23 Oct 2011,ODI # 3207
79,1,1,0,0,1,2,ODI v England,Eden Gardens,25 Oct 2011,ODI # 3210
80,0,0,0,0,0,2,T20I v England,Eden Gardens,29 Oct 2011,T20I # 214
81,2,2,0,0,2,1,Test v West Indies,Wankhede,22 Nov 2011,Test # 2019
82,0,0,0,0,0,3,Test v West Indies,Wankhede,22 Nov 2011,Test # 2019
83,1,1,0,0,1,1,ODI v West Indies,Cuttack,29 Nov 2011,ODI # 3217
84,0,0,0,0,0,1,ODI v West Indies,Visakhapatnam,2 Dec 2011,ODI # 3219
85,0,0,0,0,0,1,ODI v West Indies,Ahmedabad,5 Dec 2011,ODI # 3221
86,0,0,0,0,0,2,ODI v West Indies,Indore,8 Dec 2011,ODI # 3223
87,0,0,0,0,0,2,ODI v West Indies,Chennai,11 Dec 2011,ODI # 3224
88,2,2,0,0,2,1,Test v Australia,Melbourne,26 Dec 2011,Test # 2025
89,0,0,0,0,0,3,Test v Australia,Melbourne,26 Dec 2011,Test # 2025
90,0,0,0,0,0,2,Test v Australia,Sydney,3 Jan 2012,Test # 2027
91,1,1,0,0,1,2,Test v Australia,W.A.C.A,13 Jan 2012,Test # 2029
92,0,0,0,0,0,1,Test v Australia,Adelaide,24 Jan 2012,Test # 2031
93,0,0,0,0,0,3,Test v Australia,Adelaide,24 Jan 2012,Test # 2031
94,0,0,0,0,0,1,T20I v Australia,Sydney,1 Feb 2012,T20I # 217
95,0,0,0,0,0,1,T20I v Australia,Melbourne,3 Feb 2012,T20I # 218
96,1,1,0,0,1,1,ODI v Australia,Melbourne,5 Feb 2012,ODI # 3231
97,1,1,0,0,1,1,ODI v Sri Lanka,W.A.C.A,8 Feb 2012,ODI # 3233
98,1,1,0,0,1,1,ODI v Australia,Adelaide,12 Feb 2012,ODI # 3237
99,1,1,0,0,1,1,ODI v Sri Lanka,Adelaide,14 Feb 2012,ODI # 3239
100,1,1,0,0,1,1,ODI v Australia,Brisbane,19 Feb 2012,ODI # 3244
101,0,0,0,0,0,1,ODI v Sri Lanka,Brisbane,21 Feb 2012,ODI # 3246
102,1,1,0,0,1,1,ODI v Australia,Sydney,26 Feb 2012,ODI # 3250
103,0,0,0,0,0,1,ODI v Sri Lanka,Hobart,28 Feb 2012,ODI # 3251
104,2,2,0,0,2,2,ODI v Sri Lanka,Mirpur,13 Mar 2012,ODI # 3259
105,0,0,0,0,0,2,ODI v Bangladesh,Mirpur,16 Mar 2012,ODI # 3261
106,2,2,0,0,2,1,ODI v Pakistan,Mirpur,18 Mar 2012,ODI # 3263
107,0,0,0,0,0,1,T20I v South Africa,Johannesburg,30 Mar 2012,T20I # 242
108,1,1,0,0,1,2,ODI v Sri Lanka,Hambantota,21 Jul 2012,ODI # 3291
109,0,0,0,0,0,2,ODI v Sri Lanka,Hambantota,24 Jul 2012,ODI # 3292
110,1,1,0,0,1,1,ODI v Sri Lanka,Colombo (RPS),28 Jul 2012,ODI # 3293
111,1,1,0,0,1,1,ODI v Sri Lanka,Colombo (RPS),31 Jul 2012,ODI # 3294
112,1,1,0,0,1,2,ODI v Sri Lanka,Pallekele,4 Aug 2012,ODI # 3295
113,1,1,0,0,1,2,T20I v Sri Lanka,Pallekele,7 Aug 2012,T20I # 255
114,3,3,0,0,3,2,Test v New Zealand,Hyderabad,23 Aug 2012,Test # 2054
115,1,1,0,0,1,3,Test v New Zealand,Hyderabad,23 Aug 2012,Test # 2054
116,0,0,0,0,0,1,Test v New Zealand,Bengaluru,31 Aug 2012,Test # 2055
117,0,0,0,0,0,3,Test v New Zealand,Bengaluru,31 Aug 2012,Test # 2055
118,0,0,0,0,0,1,T20I v New Zealand,Chennai,11 Sep 2012,T20I # 261
119,0,0,0,0,0,2,T20I v Afghanistan,Colombo (RPS),19 Sep 2012,T20I # 265
120,1,1,0,0,1,2,T20I v England,Colombo (RPS),23 Sep 2012,T20I # 272
121,0,0,0,0,0,2,T20I v Australia,Colombo (RPS),28 Sep 2012,T20I # 278
122,0,0,0,0,0,1,T20I v Pakistan,Colombo (RPS),30 Sep 2012,T20I # 282
123,0,0,0,0,0,2,T20I v South Africa,Colombo (RPS),2 Oct 2012,T20I # 286
124,1,1,0,0,1,2,Test v England,Ahmedabad,15 Nov 2012,Test # 2058
125,0,0,0,0,0,3,Test v England,Ahmedabad,15 Nov 2012,Test # 2058
126,1,1,0,0,1,2,Test v England,Wankhede,23 Nov 2012,Test # 2062
127,0,0,0,0,0,4,Test v England,Wankhede,23 Nov 2012,Test # 2062
128,0,0,0,0,0,2,Test v England,Eden Gardens,5 Dec 2012,Test # 2065
129,0,0,0,0,0,4,Test v England,Eden Gardens,5 Dec 2012,Test # 2065
130,1,1,0,0,1,1,Test v England,Nagpur,13 Dec 2012,Test # 2066
131,1,1,0,0,1,3,Test v England,Nagpur,13 Dec 2012,Test # 2066
132,1,1,0,0,1,1,T20I v England,Pune,20 Dec 2012,T20I # 292
133,0,0,0,0,0,2,T20I v England,Wankhede,22 Dec 2012,T20I # 294
134,0,0,0,0,0,2,T20I v Pakistan,Bengaluru,25 Dec 2012,T20I # 296
135,2,2,0,0,2,2,T20I v Pakistan,Ahmedabad,28 Dec 2012,T20I # 298
136,0,0,0,0,0,2,ODI v Pakistan,Chennai,30 Dec 2012,ODI # 3314
137,0,0,0,0,0,1,ODI v Pakistan,Eden Gardens,3 Jan 2013,ODI # 3315
138,0,0,0,0,0,2,ODI v Pakistan,Delhi,6 Jan 2013,ODI # 3316
139,1,1,0,0,1,1,ODI v England,Rajkot,11 Jan 2013,ODI # 3318
140,0,0,0,0,0,2,ODI v England,Kochi,15 Jan 2013,ODI # 3320
141,0,0,0,0,0,1,ODI v England,Ranchi,19 Jan 2013,ODI # 3322
142,0,0,0,0,0,1,ODI v England,Mohali,23 Jan 2013,ODI # 3327
143,0,0,0,0,0,2,ODI v England,Dharamsala,27 Jan 2013,ODI # 3329
144,1,1,0,0,1,1,Test v Australia,Chennai,22 Feb 2013,Test # 2074
145,0,0,0,0,0,3,Test v Australia,Chennai,22 Feb 2013,Test # 2074
146,0,0,0,0,0,1,Test v Australia,Hyderabad,2 Mar 2013,Test # 2076
147,1,1,0,0,1,3,Test v Australia,Hyderabad,2 Mar 2013,Test # 2076
148,1,1,0,0,1,1,Test v Australia,Mohali,14 Mar 2013,Test # 2081
149,0,0,0,0,0,3,Test v Australia,Mohali,14 Mar 2013,Test # 2081
150,2,2,0,0,2,1,Test v Australia,Delhi,22 Mar 2013,Test # 2085
151,0,0,0,0,0,3,Test v Australia,Delhi,22 Mar 2013,Test # 2085
152,0,0,0,0,0,2,ODI v South Africa,Cardiff,6 Jun 2013,ODI # 3363
153,0,0,0,0,0,1,ODI v West Indies,The Oval,11 Jun 2013,ODI # 3368
154,1,1,0,0,1,1,ODI v Pakistan,Birmingham,15 Jun 2013,ODI # 3372
155,0,0,0,0,0,1,ODI v Sri Lanka,Cardiff,20 Jun 2013,ODI # 3376
156,0,0,0,0,0,2,ODI v England,Birmingham,23 Jun 2013,ODI # 3377
157,0,0,0,0,0,2,ODI v West Indies,Kingston,30 Jun 2013,ODI # 3380
158,0,0,0,0,0,1,ODI v Sri Lanka,Kingston,2 Jul 2013,ODI # 3382
159,0,0,0,0,0,2,ODI v West Indies,Port of Spain,5 Jul 2013,ODI # 3383
160,1,1,0,0,1,2,ODI v Sri Lanka,Port of Spain,9 Jul 2013,ODI # 3387
161,0,0,0,0,0,1,ODI v Sri Lanka,Port of Spain,11 Jul 2013,ODI # 3388
162,0,0,0,0,0,1,ODI v Zimbabwe,Harare,24 Jul 2013,ODI # 3395
163,0,0,0,0,0,2,ODI v Zimbabwe,Harare,26 Jul 2013,ODI # 3397
164,0,0,0,0,0,1,ODI v Zimbabwe,Harare,28 Jul 2013,ODI # 3399
165,1,1,0,0,1,1,ODI v Zimbabwe,Bulawayo,1 Aug 2013,ODI # 3402
166,2,2,0,0,2,1,ODI v Zimbabwe,Bulawayo,3 Aug 2013,ODI # 3403
167,0,0,0,0,0,1,T20I v Australia,Rajkot,10 Oct 2013,T20I # 331
168,1,1,0,0,1,1,ODI v Australia,Pune,13 Oct 2013,ODI # 3419
169,0,0,0,0,0,1,ODI v Australia,Jaipur,16 Oct 2013,ODI # 3420
170,0,0,0,0,0,2,ODI v Australia,Mohali,19 Oct 2013,ODI # 3421
171,0,0,0,0,0,1,ODI v Australia,Ranchi,23 Oct 2013,ODI # 3422
172,2,2,0,0,2,1,ODI v Australia,Nagpur,30 Oct 2013,ODI # 3424
173,1,1,0,0,1,2,ODI v Australia,Bengaluru,2 Nov 2013,ODI # 3428
174,0,0,0,0,0,1,Test v West Indies,Eden Gardens,6 Nov 2013,Test # 2101
175,1,1,0,0,1,3,Test v West Indies,Eden Gardens,6 Nov 2013,Test # 2101
176,0,0,0,0,0,1,Test v West Indies,Wankhede,14 Nov 2013,Test # 2102
177,0,0,0,0,0,3,Test v West Indies,Wankhede,14 Nov 2013,Test # 2102
178,0,0,0,0,0,1,ODI v West Indies,Kochi,21 Nov 2013,ODI # 3436
179,0,0,0,0,0,2,ODI v West Indies,Visakhapatnam,24 Nov 2013,ODI # 3437
180,0,0,0,0,0,1,ODI v West Indies,Kanpur,27 Nov 2013,ODI # 3439
181,1,1,0,0,1,1,ODI v South Africa,Johannesburg,5 Dec 2013,ODI # 3442
182,0,0,0,0,0,1,ODI v South Africa,Durban,8 Dec 2013,ODI # 3443
183,0,0,0,0,0,1,ODI v South Africa,Centurion,11 Dec 2013,ODI # 3444
184,0,0,0,0,0,2,Test v South Africa,Johannesburg,18 Dec 2013,Test # 2108
185,0,0,0,0,0,4,Test v South Africa,Johannesburg,18 Dec 2013,Test # 2108
186,1,1,0,0,1,2,Test v South Africa,Durban,26 Dec 2013,Test # 2111
187,0,0,0,0,0,4,Test v South Africa,Durban,26 Dec 2013,Test # 2111
188,0,0,0,0,0,1,ODI v New Zealand,Napier,19 Jan 2014,ODI # 3456
189,0,0,0,0,0,1,ODI v New Zealand,Hamilton,22 Jan 2014,ODI # 3458
190,0,0,0,0,0,1,ODI v New Zealand,Auckland,25 Jan 2014,ODI # 3462
191,0,0,0,0,0,2,ODI v New Zealand,Hamilton,28 Jan 2014,ODI # 3465
192,0,0,0,0,0,1,ODI v New Zealand,Wellington,31 Jan 2014,ODI # 3467
193,1,1,0,0,1,1,Test v New Zealand,Auckland,6 Feb 2014,Test # 2118
194,0,0,0,0,0,3,Test v New Zealand,Auckland,6 Feb 2014,Test # 2118
195,1,1,0,0,1,1,Test v New Zealand,Wellington,14 Feb 2014,Test # 2120
196,0,0,0,0,0,3,Test v New Zealand,Wellington,14 Feb 2014,Test # 2120
197,0,0,0,0,0,1,ODI v Bangladesh,Fatullah,26 Feb 2014,ODI # 3474
198,0,0,0,0,0,2,ODI v Sri Lanka,Fatullah,28 Feb 2014,ODI # 3476
199,0,0,0,0,0,2,ODI v Pakistan,Mirpur,2 Mar 2014,ODI # 3479
200,2,2,0,0,2,1,ODI v Afghanistan,Mirpur,5 Mar 2014,ODI # 3483
201,0,0,0,0,0,1,T20I v Pakistan,Mirpur,21 Mar 2014,T20I # 378
202,1,1,0,0,1,1,T20I v West Indies,Mirpur,23 Mar 2014,T20I # 382
203,1,1,0,0,1,1,T20I v Bangladesh,Mirpur,28 Mar 2014,T20I # 389
204,2,2,0,0,2,2,T20I v Australia,Mirpur,30 Mar 2014,T20I # 393
205,0,0,0,0,0,1,T20I v South Africa,Mirpur,4 Apr 2014,T20I # 399
206,1,1,0,0,1,2,T20I v Sri Lanka,Mirpur,6 Apr 2014,T20I # 400
207,0,0,0,0,0,2,Test v England,Nottingham,9 Jul 2014,Test # 2128
208,0,0,0,0,0,2,Test v England,Lord's,17 Jul 2014,Test # 2130
209,0,0,0,0,0,4,Test v England,Lord's,17 Jul 2014,Test # 2130
210,0,0,0,0,0,1,Test v England,Southampton,27 Jul 2014,Test # 2132
211,0,0,0,0,0,3,Test v England,Southampton,27 Jul 2014,Test # 2132
212,0,0,0,0,0,2,Test v England,Manchester,7 Aug 2014,Test # 2134
213,1,1,0,0,1,2,Test v England,The Oval,15 Aug 2014,Test # 2137
214,1,1,0,0,1,2,ODI v England,Cardiff,27 Aug 2014,ODI # 3517
215,0,0,0,0,0,1,ODI v England,Nottingham,30 Aug 2014,ODI # 3520
216,0,0,0,0,0,1,ODI v England,Birmingham,2 Sep 2014,ODI # 3523
217,0,0,0,0,0,1,ODI v England,Leeds,5 Sep 2014,ODI # 3525
218,0,0,0,0,0,1,T20I v England,Birmingham,7 Sep 2014,T20I # 405
219,1,1,0,0,1,1,ODI v West Indies,Kochi,8 Oct 2014,ODI # 3531
220,1,1,0,0,1,2,ODI v West Indies,Delhi,11 Oct 2014,ODI # 3533
221,0,0,0,0,0,2,ODI v West Indies,Dharamsala,17 Oct 2014,ODI # 3535
222,1,1,0,0,1,2,ODI v Sri Lanka,Cuttack,2 Nov 2014,ODI # 3539
223,0,0,0,0,0,1,ODI v Sri Lanka,Ahmedabad,6 Nov 2014,ODI # 3540
224,1,1,0,0,1,1,ODI v Sri Lanka,Hyderabad,9 Nov 2014,ODI # 3543
225,1,1,0,0,1,2,ODI v Sri Lanka,Eden Gardens,13 Nov 2014,ODI # 3544
226,0,0,0,0,0,1,ODI v Sri Lanka,Ranchi,16 Nov 2014,ODI # 3547
227,1,1,0,0,1,1,Test v Australia,Adelaide,9 Dec 2014,Test # 2148
228,0,0,0,0,0,3,Test v Australia,Adelaide,9 Dec 2014,Test # 2148
229,0,0,0,0,0,2,Test v Australia,Brisbane,17 Dec 2014,Test # 2149
230,1,1,0,0,1,4,Test v Australia,Brisbane,17 Dec 2014,Test # 2149
231,0,0,0,0,0,1,Test v Australia,Melbourne,26 Dec 2014,Test # 2152
232,0,0,0,0,0,3,Test v Australia,Melbourne,26 Dec 2014,Test # 2152
233,0,0,0,0,0,1,Test v Australia,Sydney,6 Jan 2015,Test # 2156
234,0,0,0,0,0,3,Test v Australia,Sydney,6 Jan 2015,Test # 2156
235,0,0,0,0,0,2,ODI v Australia,Melbourne,18 Jan 2015,ODI # 3582
236,1,1,0,0,1,2,ODI v England,Brisbane,20 Jan 2015,ODI # 3586
237,TDNF,-,-,-,-,-,ODI v Australia,Sydney,26 Jan 2015,ODI # 3592
238,0,0,0,0,0,2,ODI v England,W.A.C.A,30 Jan 2015,ODI # 3595
239,1,1,0,0,1,2,ODI v Pakistan,Adelaide,15 Feb 2015,ODI # 3602
240,1,1,0,0,1,2,ODI v South Africa,Melbourne,22 Feb 2015,ODI # 3610
241,0,0,0,0,0,1,ODI v U.A.E.,W.A.C.A,28 Feb 2015,ODI # 3618
242,2,2,0,0,2,1,ODI v West Indies,W.A.C.A,6 Mar 2015,ODI # 3625
243,0,0,0,0,0,1,ODI v Ireland,Hamilton,10 Mar 2015,ODI # 3631
244,0,0,0,0,0,1,ODI v Zimbabwe,Auckland,14 Mar 2015,ODI # 3636
245,0,0,0,0,0,2,ODI v Bangladesh,Melbourne,19 Mar 2015,ODI # 3641
246,1,1,0,0,1,1,ODI v Australia,Sydney,26 Mar 2015,ODI # 3645
247,0,0,0,0,0,2,Test v Bangladesh,Fatullah,10 Jun 2015,Test # 2165
248,0,0,0,0,0,3,Test v Bangladesh,Fatullah,10 Jun 2015,Test # 2165
249,1,1,0,0,1,1,ODI v Bangladesh,Mirpur,18 Jun 2015,ODI # 3658
250,0,0,0,0,0,2,ODI v Bangladesh,Mirpur,21 Jun 2015,ODI # 3660
251,0,0,0,0,0,2,ODI v Bangladesh,Mirpur,24 Jun 2015,ODI # 3661
252,0,0,0,0,0,1,Test v Sri Lanka,Galle,12 Aug 2015,Test # 2176
253,0,0,0,0,0,3,Test v Sri Lanka,Galle,12 Aug 2015,Test # 2176
254,0,0,0,0,0,2,Test v Sri Lanka,Colombo (PSS),20 Aug 2015,Test # 2177
255,1,1,0,0,1,4,Test v Sri Lanka,Colombo (PSS),20 Aug 2015,Test # 2177
256,1,1,0,0,1,2,Test v Sri Lanka,Colombo (SSC),28 Aug 2015,Test # 2179
257,1,1,0,0,1,4,Test v Sri Lanka,Colombo (SSC),28 Aug 2015,Test # 2179
258,0,0,0,0,0,2,T20I v South Africa,Dharamsala,2 Oct 2015,T20I # 456
259,0,0,0,0,0,2,T20I v South Africa,Cuttack,5 Oct 2015,T20I # 457
260,0,0,0,0,0,1,ODI v South Africa,Kanpur,11 Oct 2015,ODI # 3689
261,3,3,0,0,3,2,ODI v South Africa,Indore,14 Oct 2015,ODI # 3692
262,0,0,0,0,0,1,ODI v South Africa,Rajkot,18 Oct 2015,ODI # 3695
263,0,0,0,0,0,2,ODI v South Africa,Chennai,22 Oct 2015,ODI # 3698
264,1,1,0,0,1,1,ODI v South Africa,Wankhede,25 Oct 2015,ODI # 3700
265,0,0,0,0,0,2,Test v South Africa,Mohali,5 Nov 2015,Test # 2186
266,1,1,0,0,1,4,Test v South Africa,Mohali,5 Nov 2015,Test # 2186
267,0,0,0,0,0,1,Test v South Africa,Bengaluru,14 Nov 2015,Test # 2188
268,0,0,0,0,0,2,Test v South Africa,Nagpur,25 Nov 2015,Test # 2189
269,2,2,0,0,2,4,Test v South Africa,Nagpur,25 Nov 2015,Test # 2189
270,0,0,0,0,0,2,Test v South Africa,Delhi,3 Dec 2015,Test # 2191
271,0,0,0,0,0,4,Test v South Africa,Delhi,3 Dec 2015,Test # 2191
272,2,2,0,0,2,2,ODI v Australia,W.A.C.A,12 Jan 2016,ODI # 3723
273,1,1,0,0,1,2,ODI v Australia,Brisbane,15 Jan 2016,ODI # 3724
274,0,0,0,0,0,2,ODI v Australia,Melbourne,17 Jan 2016,ODI # 3725
275,1,1,0,0,1,1,ODI v Australia,Canberra,20 Jan 2016,ODI # 3726
276,0,0,0,0,0,1,ODI v Australia,Sydney,23 Jan 2016,ODI # 3727
277,2,2,0,0,2,2,T20I v Australia,Adelaide,26 Jan 2016,T20I # 485
278,0,0,0,0,0,2,T20I v Australia,Melbourne,29 Jan 2016,T20I # 486
279,0,0,0,0,0,1,T20I v Australia,Sydney,31 Jan 2016,T20I # 489
280,0,0,0,0,0,2,T20I v Bangladesh,Mirpur,24 Feb 2016,T20I # 509
281,0,0,0,0,0,1,T20I v Pakistan,Mirpur,27 Feb 2016,T20I # 512
282,0,0,0,0,0,1,T20I v Sri Lanka,Mirpur,1 Mar 2016,T20I # 515
283,1,1,0,0,1,1,T20I v U.A.E.,Mirpur,3 Mar 2016,T20I # 517
284,1,1,0,0,1,1,T20I v Bangladesh,Mirpur,6 Mar 2016,T20I # 521
285,0,0,0,0,0,1,T20I v New Zealand,Nagpur,15 Mar 2016,T20I # 535
286,1,1,0,0,1,1,T20I v Pakistan,Eden Gardens,19 Mar 2016,T20I # 541
287,1,1,0,0,1,2,T20I v Bangladesh,Bengaluru,23 Mar 2016,T20I # 547
288,1,1,0,0,1,1,T20I v Australia,Mohali,27 Mar 2016,T20I # 553
289,0,0,0,0,0,2,T20I v West Indies,Wankhede,31 Mar 2016,T20I # 556
290,1,1,0,0,1,2,Test v West Indies,North Sound,21 Jul 2016,Test # 2207
291,1,1,0,0,1,3,Test v West Indies,North Sound,21 Jul 2016,Test # 2207
292,2,2,0,0,2,1,Test v West Indies,Kingston,30 Jul 2016,Test # 2211
293,0,0,0,0,0,3,Test v West Indies,Kingston,30 Jul 2016,Test # 2211
294,1,1,0,0,1,2,Test v West Indies,Gros Islet,9 Aug 2016,Test # 2215
295,1,1,0,0,1,4,Test v West Indies,Gros Islet,9 Aug 2016,Test # 2215
296,0,0,0,0,0,1,Test v West Indies,Port of Spain,18 Aug 2016,Test # 2218
297,0,0,0,0,0,1,T20I v West Indies,Lauderhill,27 Aug 2016,T20I # 562
298,1,1,0,0,1,1,T20I v West Indies,Lauderhill,28 Aug 2016,T20I # 563
299,0,0,0,0,0,2,Test v New Zealand,Kanpur,22 Sep 2016,Test # 2221
300,0,0,0,0,0,4,Test v New Zealand,Kanpur,22 Sep 2016,Test # 2221
301,0,0,0,0,0,2,Test v New Zealand,Eden Gardens,30 Sep 2016,Test # 2222
302,1,1,0,0,1,4,Test v New Zealand,Eden Gardens,30 Sep 2016,Test # 2222
303,1,1,0,0,1,2,Test v New Zealand,Indore,8 Oct 2016,Test # 2223
304,1,1,0,0,1,4,Test v New Zealand,Indore,8 Oct 2016,Test # 2223
305,0,0,0,0,0,1,ODI v New Zealand,Dharamsala,16 Oct 2016,ODI # 3796
306,0,0,0,0,0,1,ODI v New Zealand,Delhi,20 Oct 2016,ODI # 3797
307,1,1,0,0,1,1,ODI v New Zealand,Mohali,23 Oct 2016,ODI # 3798
308,1,1,0,0,1,1,ODI v New Zealand,Ranchi,26 Oct 2016,ODI # 3799
309,0,0,0,0,0,2,ODI v New Zealand,Visakhapatnam,29 Oct 2016,ODI # 3800
310,0,0,0,0,0,1,Test v England,Rajkot,9 Nov 2016,Test # 2232
311,0,0,0,0,0,3,Test v England,Rajkot,9 Nov 2016,Test # 2232
312,0,0,0,0,0,2,Test v England,Visakhapatnam,17 Nov 2016,Test # 2235
313,1,1,0,0,1,4,Test v England,Visakhapatnam,17 Nov 2016,Test # 2235
314,1,1,0,0,1,1,Test v England,Mohali,26 Nov 2016,Test # 2238
315,0,0,0,0,0,3,Test v England,Mohali,26 Nov 2016,Test # 2238
316,2,2,0,0,2,1,Test v England,Wankhede,8 Dec 2016,Test # 2239
317,0,0,0,0,0,3,Test v England,Wankhede,8 Dec 2016,Test # 2239
318,1,1,0,0,1,1,Test v England,Chennai,16 Dec 2016,Test # 2241
319,0,0,0,0,0,3,Test v England,Chennai,16 Dec 2016,Test # 2241
320,0,0,0,0,0,1,ODI v England,Pune,15 Jan 2017,ODI # 3819
321,1,1,0,0,1,2,ODI v England,Cuttack,19 Jan 2017,ODI # 3821
322,0,0,0,0,0,1,ODI v England,Eden Gardens,22 Jan 2017,ODI # 3824
323,0,0,0,0,0,2,T20I v England,Kanpur,26 Jan 2017,T20I # 592
324,0,0,0,0,0,2,T20I v England,Nagpur,29 Jan 2017,T20I # 593
325,3,3,0,0,3,2,T20I v England,Bengaluru,1 Feb 2017,T20I # 594
326,0,0,0,0,0,2,Test v Bangladesh,Hyderabad,9 Feb 2017,Test # 2249
327,1,1,0,0,1,4,Test v Bangladesh,Hyderabad,9 Feb 2017,Test # 2249
328,2,2,0,0,2,1,Test v Australia,Pune,23 Feb 2017,Test # 2250
329,0,0,0,0,0,3,Test v Australia,Pune,23 Feb 2017,Test # 2250
330,0,0,0,0,0,2,Test v Australia,Bengaluru,4 Mar 2017,Test # 2251
331,0,0,0,0,0,4,Test v Australia,Bengaluru,4 Mar 2017,Test # 2251
332,1,1,0,0,1,1,Test v Australia,Ranchi,16 Mar 2017,Test # 2256
333,0,0,0,0,0,3,Test v Australia,Ranchi,16 Mar 2017,Test # 2256
334,0,0,0,0,0,2,ODI v Pakistan,Birmingham,4 Jun 2017,ODI # 3878
335,0,0,0,0,0,2,ODI v Sri Lanka,The Oval,8 Jun 2017,ODI # 3882
336,1,1,0,0,1,1,ODI v South Africa,The Oval,11 Jun 2017,ODI # 3886
337,1,1,0,0,1,1,ODI v Bangladesh,Birmingham,15 Jun 2017,ODI # 3891
338,0,0,0,0,0,1,ODI v Pakistan,The Oval,18 Jun 2017,ODI # 3894
339,TDNF,-,-,-,-,-,ODI v West Indies,Port of Spain,23 Jun 2017,ODI # 3895
340,0,0,0,0,0,2,ODI v West Indies,Port of Spain,25 Jun 2017,ODI # 3896
341,0,0,0,0,0,2,ODI v West Indies,North Sound,30 Jun 2017,ODI # 3898
342,1,1,0,0,1,1,ODI v West Indies,North Sound,2 Jul 2017,ODI # 3900
343,1,1,0,0,1,1,ODI v West Indies,Kingston,6 Jul 2017,ODI # 3902
344,0,0,0,0,0,2,T20I v West Indies,Kingston,9 Jul 2017,T20I # 617
345,1,1,0,0,1,2,Test v Sri Lanka,Galle,26 Jul 2017,Test # 2265
346,1,1,0,0,1,4,Test v Sri Lanka,Galle,26 Jul 2017,Test # 2265
347,1,1,0,0,1,2,Test v Sri Lanka,Colombo (SSC),3 Aug 2017,Test # 2267
348,0,0,0,0,0,3,Test v Sri Lanka,Colombo (SSC),3 Aug 2017,Test # 2267
349,0,0,0,0,0,2,Test v Sri Lanka,Pallekele,12 Aug 2017,Test # 2269
350,0,0,0,0,0,3,Test v Sri Lanka,Pallekele,12 Aug 2017,Test # 2269
351,0,0,0,0,0,1,ODI v Sri Lanka,Dambulla,20 Aug 2017,ODI # 3905
352,1,1,0,0,1,1,ODI v Sri Lanka,Pallekele,24 Aug 2017,ODI # 3906
353,0,0,0,0,0,1,ODI v Sri Lanka,Pallekele,27 Aug 2017,ODI # 3907
354,0,0,0,0,0,2,ODI v Sri Lanka,Colombo (RPS),31 Aug 2017,ODI # 3908
355,1,1,0,0,1,1,ODI v Sri Lanka,Colombo (RPS),3 Sep 2017,ODI # 3909
356,1,1,0,0,1,1,T20I v Sri Lanka,Colombo (RPS),6 Sep 2017,T20I # 618
357,0,0,0,0,0,2,ODI v Australia,Chennai,17 Sep 2017,ODI # 3910
358,0,0,0,0,0,2,ODI v Australia,Eden Gardens,21 Sep 2017,ODI # 3912
359,0,0,0,0,0,1,ODI v Australia,Indore,24 Sep 2017,ODI # 3914
360,1,1,0,0,1,1,ODI v Australia,Bengaluru,28 Sep 2017,ODI # 3917
361,0,0,0,0,0,1,ODI v Australia,Nagpur,1 Oct 2017,ODI # 3919
362,0,0,0,0,0,1,T20I v Australia,Ranchi,7 Oct 2017,T20I # 623
363,2,2,0,0,2,2,T20I v Australia,Guwahati,10 Oct 2017,T20I # 624
364,0,0,0,0,0,2,ODI v New Zealand,Wankhede,22 Oct 2017,ODI # 3928
365,1,1,0,0,1,1,ODI v New Zealand,Pune,25 Oct 2017,ODI # 3931
366,0,0,0,0,0,2,ODI v New Zealand,Kanpur,29 Oct 2017,ODI # 3932
367,0,0,0,0,0,2,T20I v New Zealand,Delhi,1 Nov 2017,T20I # 630
368,0,0,0,0,0,1,T20I v New Zealand,Rajkot,4 Nov 2017,T20I # 631
369,0,0,0,0,0,2,T20I v New Zealand,Thiruvananthapuram,7 Nov 2017,T20I # 632
370,2,2,0,0,2,2,Test v Sri Lanka,Eden Gardens,16 Nov 2017,Test # 2281
371,0,0,0,0,0,4,Test v Sri Lanka,Eden Gardens,16 Nov 2017,Test # 2281
372,0,0,0,0,0,1,Test v Sri Lanka,Nagpur,24 Nov 2017,Test # 2283
373,1,1,0,0,1,3,Test v Sri Lanka,Nagpur,24 Nov 2017,Test # 2283
374,0,0,0,0,0,2,Test v Sri Lanka,Delhi,2 Dec 2017,Test # 2286
375,0,0,0,0,0,4,Test v Sri Lanka,Delhi,2 Dec 2017,Test # 2286
376,0,0,0,0,0,1,Test v South Africa,Cape Town,5 Jan 2018,Test # 2292
377,1,1,0,0,1,3,Test v South Africa,Cape Town,5 Jan 2018,Test # 2292
378,1,1,0,0,1,1,Test v South Africa,Centurion,13 Jan 2018,Test # 2293
379,1,1,0,0,1,3,Test v South Africa,Centurion,13 Jan 2018,Test # 2293
380,0,0,0,0,0,2,Test v South Africa,Johannesburg,24 Jan 2018,Test # 2294
381,0,0,0,0,0,4,Test v South Africa,Johannesburg,24 Jan 2018,Test # 2294
382,1,1,0,0,1,1,ODI v South Africa,Durban,1 Feb 2018,ODI # 3969
383,0,0,0,0,0,1,ODI v South Africa,Centurion,4 Feb 2018,ODI # 3970
384,2,2,0,0,2,2,ODI v South Africa,Cape Town,7 Feb 2018,ODI # 3971
385,0,0,0,0,0,2,ODI v South Africa,Johannesburg,10 Feb 2018,ODI # 3973
386,1,1,0,0,1,2,ODI v South Africa,Gqeberha,13 Feb 2018,ODI # 3976
387,2,2,0,0,2,1,ODI v South Africa,Centurion,16 Feb 2018,ODI # 3978
388,0,0,0,0,0,2,T20I v South Africa,Johannesburg,18 Feb 2018,T20I # 652
389,0,0,0,0,0,2,T20I v South Africa,Centurion,21 Feb 2018,T20I # 654
390,1,1,0,0,1,2,T20I v Ireland,Dublin (Malahide),27 Jun 2018,T20I # 678
391,0,0,0,0,0,2,T20I v Ireland,Dublin (Malahide),29 Jun 2018,T20I # 680
392,2,2,0,0,2,1,T20I v England,Manchester,3 Jul 2018,T20I # 684
393,1,1,0,0,1,2,T20I v England,Cardiff,6 Jul 2018,T20I # 688
394,1,1,0,0,1,1,T20I v England,Bristol,8 Jul 2018,T20I # 690
395,1,1,0,0,1,1,ODI v England,Nottingham,12 Jul 2018,ODI # 4014
396,0,0,0,0,0,1,ODI v England,Lord's,14 Jul 2018,ODI # 4016
397,0,0,0,0,0,2,ODI v England,Leeds,17 Jul 2018,ODI # 4018
398,0,0,0,0,0,1,Test v England,Birmingham,1 Aug 2018,Test # 2314
399,1,1,0,0,1,3,Test v England,Birmingham,1 Aug 2018,Test # 2314
400,0,0,0,0,0,2,Test v England,Lord's,9 Aug 2018,Test # 2315
401,0,0,0,0,0,2,Test v England,Nottingham,18 Aug 2018,Test # 2316
402,1,1,0,0,1,4,Test v England,Nottingham,18 Aug 2018,Test # 2316
403,2,2,0,0,2,1,Test v England,Southampton,30 Aug 2018,Test # 2317
404,0,0,0,0,0,3,Test v England,Southampton,30 Aug 2018,Test # 2317
405,0,0,0,0,0,1,Test v England,The Oval,7 Sep 2018,Test # 2318
406,0,0,0,0,0,3,Test v England,The Oval,7 Sep 2018,Test # 2318
407,0,0,0,0,0,2,Test v West Indies,Rajkot,4 Oct 2018,Test # 2319
408,0,0,0,0,0,3,Test v West Indies,Rajkot,4 Oct 2018,Test # 2319
409,0,0,0,0,0,1,Test v West Indies,Hyderabad,12 Oct 2018,Test # 2321
410,0,0,0,0,0,3,Test v West Indies,Hyderabad,12 Oct 2018,Test # 2321
411,0,0,0,0,0,1,ODI v West Indies,Guwahati,21 Oct 2018,ODI # 4056
412,1,1,0,0,1,2,ODI v West Indies,Visakhapatnam,24 Oct 2018,ODI # 4059
413,0,0,0,0,0,1,ODI v West Indies,Pune,27 Oct 2018,ODI # 4062
414,0,0,0,0,0,2,ODI v West Indies,Brabourne,29 Oct 2018,ODI # 4063
415,1,1,0,0,1,1,ODI v West Indies,Thiruvananthapuram,1 Nov 2018,ODI # 4064
416,0,0,0,0,0,1,T20I v Australia,Brisbane,21 Nov 2018,T20I # 712
417,0,0,0,0,0,1,T20I v Australia,Melbourne,23 Nov 2018,T20I # 713
418,1,1,0,0,1,1,T20I v Australia,Sydney,25 Nov 2018,T20I # 714
419,0,0,0,0,0,2,Test v Australia,Adelaide,6 Dec 2018,Test # 2333
420,1,1,0,0,1,4,Test v Australia,Adelaide,6 Dec 2018,Test # 2333
421,1,1,0,0,1,1,Test v Australia,Perth,14 Dec 2018,Test # 2334
422,1,1,0,0,1,3,Test v Australia,Perth,14 Dec 2018,Test # 2334
423,0,0,0,0,0,2,Test v Australia,Melbourne,26 Dec 2018,Test # 2337
424,2,2,0,0,2,4,Test v Australia,Melbourne,26 Dec 2018,Test # 2337
425,0,0,0,0,0,2,Test v Australia,Sydney,3 Jan 2019,Test # 2339
426,0,0,0,0,0,3,Test v Australia,Sydney,3 Jan 2019,Test # 2339
427,0,0,0,0,0,1,ODI v Australia,Sydney,12 Jan 2019,ODI # 4077
428,1,1,0,0,1,1,ODI v Australia,Adelaide,15 Jan 2019,ODI # 4078
429,1,1,0,0,1,1,ODI v Australia,Melbourne,18 Jan 2019,ODI # 4079
430,0,0,0,0,0,1,ODI v New Zealand,Napier,23 Jan 2019,ODI # 4082
431,0,0,0,0,0,2,ODI v New Zealand,Mount Maunganui,26 Jan 2019,ODI # 4085
432,1,1,0,0,1,1,ODI v New Zealand,Mount Maunganui,28 Jan 2019,ODI # 4088
433,0,0,0,0,0,2,T20I v Australia,Visakhapatnam,24 Feb 2019,T20I # 748
434,0,0,0,0,0,2,T20I v Australia,Bengaluru,27 Feb 2019,T20I # 749
435,2,2,0,0,2,1,ODI v Australia,Hyderabad,2 Mar 2019,ODI # 4102
436,1,1,0,0,1,2,ODI v Australia,Nagpur,5 Mar 2019,ODI # 4106
437,0,0,0,0,0,1,ODI v Australia,Ranchi,8 Mar 2019,ODI # 4109
438,0,0,0,0,0,2,ODI v Australia,Mohali,10 Mar 2019,ODI # 4111
439,2,2,0,0,2,1,ODI v Australia,Delhi,13 Mar 2019,ODI # 4113
440,2,2,0,0,2,1,ODI v South Africa,Southampton,5 Jun 2019,ODI # 4150
441,1,1,0,0,1,2,ODI v Australia,The Oval,9 Jun 2019,ODI # 4155
442,0,0,0,0,0,2,ODI v Pakistan,Manchester,16 Jun 2019,ODI # 4161
443,0,0,0,0,0,2,ODI v Afghanistan,Southampton,22 Jun 2019,ODI # 4169
444,0,0,0,0,0,2,ODI v West Indies,Manchester,27 Jun 2019,ODI # 4175
445,0,0,0,0,0,1,ODI v England,Birmingham,30 Jun 2019,ODI # 4179
446,1,1,0,0,1,2,ODI v Bangladesh,Birmingham,2 Jul 2019,ODI # 4182
447,0,0,0,0,0,1,ODI v Sri Lanka,Leeds,6 Jul 2019,ODI # 4187
448,2,2,0,0,2,1,ODI v New Zealand,Manchester,9 Jul 2019,ODI # 4190
449,1,1,0,0,1,1,T20I v West Indies,Lauderhill,3 Aug 2019,T20I # 842
450,0,0,0,0,0,2,T20I v West Indies,Lauderhill,4 Aug 2019,T20I # 843
451,0,0,0,0,0,1,T20I v West Indies,Providence,6 Aug 2019,T20I # 846
452,0,0,0,0,0,1,ODI v West Indies,Providence,8 Aug 2019,ODI # 4196
453,3,3,0,0,3,2,ODI v West Indies,Port of Spain,11 Aug 2019,ODI # 4197
454,2,2,0,0,2,1,ODI v West Indies,Port of Spain,14 Aug 2019,ODI # 4199
455,1,1,0,0,1,2,Test v West Indies,North Sound,22 Aug 2019,Test # 2358
456,0,0,0,0,0,4,Test v West Indies,North Sound,22 Aug 2019,Test # 2358
457,1,1,0,0,1,2,Test v West Indies,Kingston,30 Aug 2019,Test # 2359
458,1,1,0,0,1,4,Test v West Indies,Kingston,30 Aug 2019,Test # 2359
459,1,1,0,0,1,1,T20I v South Africa,Mohali,18 Sep 2019,T20I # 888
460,1,1,0,0,1,2,T20I v South Africa,Bengaluru,22 Sep 2019,T20I # 893
461,0,0,0,0,0,2,Test v South Africa,Visakhapatnam,2 Oct 2019,Test # 2363
462,0,0,0,0,0,4,Test v South Africa,Visakhapatnam,2 Oct 2019,Test # 2363
463,1,1,0,0,1,2,Test v South Africa,Pune,10 Oct 2019,Test # 2364
464,0,0,0,0,0,3,Test v South Africa,Pune,10 Oct 2019,Test # 2364
465,0,0,0,0,0,2,Test v South Africa,Ranchi,19 Oct 2019,Test # 2365
466,0,0,0,0,0,3,Test v South Africa,Ranchi,19 Oct 2019,Test # 2365
467,1,1,0,0,1,1,Test v Bangladesh,Indore,14 Nov 2019,Test # 2366
468,0,0,0,0,0,3,Test v Bangladesh,Indore,14 Nov 2019,Test # 2366
469,0,0,0,0,0,1,Test v Bangladesh,Eden Gardens,22 Nov 2019,Test # 2369
470,3,3,0,0,3,3,Test v Bangladesh,Eden Gardens,22 Nov 2019,Test # 2369
471,0,0,0,0,0,1,T20I v West Indies,Hyderabad,6 Dec 2019,T20I # 1020
472,1,1,0,0,1,2,T20I v West Indies,Thiruvananthapuram,8 Dec 2019,T20I # 1022
473,0,0,0,0,0,2,T20I v West Indies,Wankhede,11 Dec 2019,T20I # 1024
474,0,0,0,0,0,2,ODI v West Indies,Chennai,15 Dec 2019,ODI # 4221
475,2,2,0,0,2,2,ODI v West Indies,Visakhapatnam,18 Dec 2019,ODI # 4222
476,0,0,0,0,0,1,ODI v West Indies,Cuttack,22 Dec 2019,ODI # 4223
477,TDNF,-,-,-,-,-,T20I v Sri Lanka,Guwahati,5 Jan 2020,T20I # 1025
478,0,0,0,0,0,1,T20I v Sri Lanka,Indore,7 Jan 2020,T20I # 1026
479,1,1,0,0,1,2,T20I v Sri Lanka,Pune,10 Jan 2020,T20I # 1027
480,0,0,0,0,0,2,ODI v Australia,Wankhede,14 Jan 2020,ODI # 4231
481,1,1,0,0,1,2,ODI v Australia,Rajkot,17 Jan 2020,ODI # 4232
482,1,1,0,0,1,1,ODI v Australia,Bengaluru,19 Jan 2020,ODI # 4233
483,1,1,0,0,1,1,T20I v New Zealand,Auckland,24 Jan 2020,T20I # 1031
484,2,2,0,0,2,1,T20I v New Zealand,Auckland,26 Jan 2020,T20I # 1034
485,0,0,0,0,0,2,T20I v New Zealand,Hamilton,29 Jan 2020,T20I # 1035
486,0,0,0,0,0,2,T20I v New Zealand,Wellington,31 Jan 2020,T20I # 1036
487,0,0,0,0,0,2,ODI v New Zealand,Hamilton,5 Feb 2020,ODI # 4235
488,0,0,0,0,0,1,ODI v New Zealand,Auckland,8 Feb 2020,ODI # 4239
489,2,2,0,0,2,2,ODI v New Zealand,Mount Maunganui,11 Feb 2020,ODI # 4243
490,1,1,0,0,1,2,Test v New Zealand,Wellington,21 Feb 2020,Test # 2385
491,0,0,0,0,0,4,Test v New Zealand,Wellington,21 Feb 2020,Test # 2385
492,1,1,0,0,1,2,Test v New Zealand,Christchurch,29 Feb 2020,Test # 2387
493,0,0,0,0,0,4,Test v New Zealand,Christchurch,29 Feb 2020,Test # 2387
494,0,0,0,0,0,1,ODI v Australia,Sydney,27 Nov 2020,ODI # 4265
495,1,1,0,0,1,1,ODI v Australia,Sydney,29 Nov 2020,ODI # 4266
496,0,0,0,0,0,2,ODI v Australia,Canberra,2 Dec 2020,ODI # 4267
497,1,1,0,0,1,2,T20I v Australia,Canberra,4 Dec 2020,T20I # 1114
498,0,0,0,0,0,1,T20I v Australia,Sydney,6 Dec 2020,T20I # 1115
499,0,0,0,0,0,1,T20I v Australia,Sydney,8 Dec 2020,T20I # 1116
500,2,2,0,0,2,2,Test v Australia,Adelaide,17 Dec 2020,Test # 2396
501,0,0,0,0,0,4,Test v Australia,Adelaide,17 Dec 2020,Test # 2396
502,0,0,0,0,0,1,Test v England,Chennai,5 Feb 2021,Test # 2409
503,0,0,0,0,0,3,Test v England,Chennai,5 Feb 2021,Test # 2409
504,1,1,0,0,1,2,Test v England,Chennai,13 Feb 2021,Test # 2411
505,2,2,0,0,2,4,Test v England,Chennai,13 Feb 2021,Test # 2411
506,0,0,0,0,0,1,Test v England,Ahmedabad,24 Feb 2021,Test # 2412
507,0,0,0,0,0,3,Test v England,Ahmedabad,24 Feb 2021,Test # 2412
508,0,0,0,0,0,1,Test v England,Ahmedabad,4 Mar 2021,Test # 2414
509,1,1,0,0,1,3,Test v England,Ahmedabad,4 Mar 2021,Test # 2414
510,0,0,0,0,0,2,T20I v England,Ahmedabad,12 Mar 2021,T20I # 1131
511,0,0,0,0,0,1,T20I v England,Ahmedabad,14 Mar 2021,T20I # 1132
512,0,0,0,0,0,2,T20I v England,Ahmedabad,16 Mar 2021,T20I # 1133
513,0,0,0,0,0,2,T20I v England,Ahmedabad,18 Mar 2021,T20I # 1135
514,0,0,0,0,0,2,T20I v England,Ahmedabad,20 Mar 2021,T20I # 1138
515,1,1,0,0,1,2,ODI v England,Pune,23 Mar 2021,ODI # 4281
516,1,1,0,0,1,2,ODI v England,Pune,26 Mar 2021,ODI # 4283
517,1,1,0,0,1,2,ODI v England,Pune,28 Mar 2021,ODI # 4284
518,2,2,0,0,2,2,Test v New Zealand,Southampton,18 Jun 2021,Test # 2425
519,0,0,0,0,0,4,Test v New Zealand,Southampton,18 Jun 2021,Test # 2425
520,0,0,0,0,0,1,Test v England,Nottingham,4 Aug 2021,Test # 2428
521,0,0,0,0,0,3,Test v England,Nottingham,4 Aug 2021,Test # 2428
522,2,2,0,0,2,2,Test v England,Lord's,12 Aug 2021,Test # 2429
523,2,2,0,0,2,4,Test v England,Lord's,12 Aug 2021,Test # 2429
524,1,1,0,0,1,2,Test v England,Leeds,25 Aug 2021,Test # 2432
525,1,1,0,0,1,2,Test v England,The Oval,2 Sep 2021,Test # 2433
526,0,0,0,0,0,4,Test v England,The Oval,2 Sep 2021,Test # 2433
527,0,0,0,0,0,2,T20I v Pakistan,Dubai (DICS),24 Oct 2021,T20I # 1361
528,0,0,0,0,0,2,T20I v New Zealand,Dubai (DICS),31 Oct 2021,T20I # 1381
529,0,0,0,0,0,2,T20I v Afghanistan,Abu Dhabi,3 Nov 2021,T20I # 1390
530,0,0,0,0,0,1,T20I v Scotland,Dubai (DICS),5 Nov 2021,T20I # 1396
531,0,0,0,0,0,1,T20I v Namibia,Dubai (DICS),8 Nov 2021,T20I # 1410
532,2,2,0,0,2,2,Test v New Zealand,Wankhede,3 Dec 2021,Test # 2438
533,0,0,0,0,0,4,Test v New Zealand,Wankhede,3 Dec 2021,Test # 2438
534,0,0,0,0,0,2,Test v South Africa,Centurion,26 Dec 2021,Test # 2443
535,0,0,0,0,0,4,Test v South Africa,Centurion,26 Dec 2021,Test # 2443
536,2,2,0,0,2,2,Test v South Africa,Cape Town,11 Jan 2022,Test # 2448
537,0,0,0,0,0,4,Test v South Africa,Cape Town,11 Jan 2022,Test # 2448
538,0,0,0,0,0,1,ODI v South Africa,Paarl,19 Jan 2022,ODI # 4344
539,0,0,0,0,0,2,ODI v South Africa,Paarl,21 Jan 2022,ODI # 4346
540,2,2,0,0,2,1,ODI v South Africa,Cape Town,23 Jan 2022,ODI # 4349
541,0,0,0,0,0,1,ODI v West Indies,Ahmedabad,6 Feb 2022,ODI # 4353
542,1,1,0,0,1,2,ODI v West Indies,Ahmedabad,9 Feb 2022,ODI # 4355
543,2,2,0,0,2,2,ODI v West Indies,Ahmedabad,11 Feb 2022,ODI # 4356
544,1,1,0,0,1,1,T20I v West Indies,Eden Gardens,16 Feb 2022,T20I # 1467
545,0,0,0,0,0,2,T20I v West Indies,Eden Gardens,18 Feb 2022,T20I # 1473
546,0,0,0,0,0,2,Test v Sri Lanka,Mohali,4 Mar 2022,Test # 2452
547,1,1,0,0,1,3,Test v Sri Lanka,Mohali,4 Mar 2022,Test # 2452
548,0,0,0,0,0,2,Test v Sri Lanka,Bengaluru,12 Mar 2022,Test # 2456
549,0,0,0,0,0,4,Test v Sri Lanka,Bengaluru,12 Mar 2022,Test # 2456
550,1,1,0,0,1,2,Test v England,Birmingham,1 Jul 2022,Test # 2470
551,0,0,0,0,0,4,Test v England,Birmingham,1 Jul 2022,Test # 2470
552,1,1,0,0,1,2,T20I v England,Birmingham,9 Jul 2022,T20I # 1628
553,0,0,0,0,0,1,T20I v England,Nottingham,10 Jul 2022,T20I # 1631
554,0,0,0,0,0,1,ODI v England,Lord's,14 Jul 2022,ODI # 4428
555,1,1,0,0,1,1,ODI v England,Manchester,17 Jul 2022,ODI # 4433
556,0,0,0,0,0,1,T20I v Pakistan,Dubai (DICS),28 Aug 2022,T20I # 1750
557,0,0,0,0,0,2,T20I v Hong Kong,Dubai (DICS),31 Aug 2022,T20I # 1754
558,1,1,0,0,1,2,T20I v Pakistan,Dubai (DICS),4 Sep 2022,T20I # 1758
559,0,0,0,0,0,2,T20I v Sri Lanka,Dubai (DICS),6 Sep 2022,T20I # 1759
560,1,1,0,0,1,2,T20I v Afghanistan,Dubai (DICS),8 Sep 2022,T20I # 1761
561,1,1,0,0,1,2,T20I v Australia,Mohali,20 Sep 2022,T20I # 1788
562,0,0,0,0,0,1,T20I v Australia,Nagpur,23 Sep 2022,T20I # 1794
563,0,0,0,0,0,1,T20I v Australia,Hyderabad,25 Sep 2022,T20I # 1796
564,0,0,0,0,0,1,T20I v South Africa,Thiruvananthapuram,28 Sep 2022,T20I # 1800
565,1,1,0,0,1,2,T20I v South Africa,Guwahati,2 Oct 2022,T20I # 1803
566,0,0,0,0,0,1,T20I v Pakistan,Melbourne,23 Oct 2022,T20I # 1842
567,1,1,0,0,1,2,T20I v Netherlands,Sydney,27 Oct 2022,T20I # 1848
568,0,0,0,0,0,2,T20I v South Africa,Perth,30 Oct 2022,T20I # 1853
569,0,0,0,0,0,2,T20I v Bangladesh,Adelaide,2 Nov 2022,T20I # 1860
570,1,1,0,0,1,2,T20I v Zimbabwe,Melbourne,6 Nov 2022,T20I # 1873
571,0,0,0,0,0,2,T20I v England,Adelaide,10 Nov 2022,T20I # 1878
572,1,1,0,0,1,2,ODI v Bangladesh,Mirpur,4 Dec 2022,ODI # 4493
573,0,0,0,0,0,1,ODI v Bangladesh,Mirpur,7 Dec 2022,ODI # 4496
574,0,0,0,0,0,2,ODI v Bangladesh,Chattogram,10 Dec 2022,ODI # 4499
575,1,1,0,0,1,2,Test v Bangladesh,Chattogram,14 Dec 2022,Test # 2481
576,1,1,0,0,1,4,Test v Bangladesh,Chattogram,14 Dec 2022,Test # 2481
577,0,0,0,0,0,1,Test v Bangladesh,Mirpur,22 Dec 2022,Test # 2484
578,0,0,0,0,0,3,Test v Bangladesh,Mirpur,22 Dec 2022,Test # 2484
579,0,0,0,0,0,2,ODI v Sri Lanka,Guwahati,10 Jan 2023,ODI # 4501
580,0,0,0,0,0,1,ODI v Sri Lanka,Eden Gardens,12 Jan 2023,ODI # 4503
581,0,0,0,0,0,2,ODI v Sri Lanka,Thiruvananthapuram,15 Jan 2023,ODI # 4505
582,0,0,0,0,0,2,ODI v New Zealand,Hyderabad,18 Jan 2023,ODI # 4507
583,0,0,0,0,0,1,ODI v New Zealand,Raipur,21 Jan 2023,ODI # 4509
584,2,2,0,0,2,2,ODI v New Zealand,Indore,24 Jan 2023,ODI # 4511
585,1,1,0,0,1,1,Test v Australia,Nagpur,9 Feb 2023,Test # 2490
586,1,1,0,0,1,3,Test v Australia,Nagpur,9 Feb 2023,Test # 2490
587,1,1,0,0,1,1,Test v Australia,Delhi,17 Feb 2023,Test # 2493
588,1,1,0,0,1,3,Test v Australia,Delhi,17 Feb 2023,Test # 2493
589,0,0,0,0,0,2,Test v Australia,Indore,1 Mar 2023,Test # 2496
590,0,0,0,0,0,4,Test v Australia,Indore,1 Mar 2023,Test # 2496
591,1,1,0,0,1,1,Test v Australia,Ahmedabad,9 Mar 2023,Test # 2499
592,0,0,0,0,0,3,Test v Australia,Ahmedabad,9 Mar 2023,Test # 2499
593,0,0,0,0,0,1,ODI v Australia,Wankhede,17 Mar 2023,ODI # 4538
594,0,0,0,0,0,2,ODI v Australia,Visakhapatnam,19 Mar 2023,ODI # 4541
595,0,0,0,0,0,1,ODI v Australia,Chennai,22 Mar 2023,ODI # 4545
596,0,0,0,0,0,1,Test v Australia,The Oval,7 Jun 2023,Test # 2505
597,1,1,0,0,1,3,Test v Australia,The Oval,7 Jun 2023,Test # 2505
598,0,0,0,0,0,1,Test v West Indies,Roseau,12 Jul 2023,Test # 2510
599,0,0,0,0,0,3,Test v West Indies,Roseau,12 Jul 2023,Test # 2510
600,0,0,0,0,0,2,Test v West Indies,Port of Spain,20 Jul 2023,Test # 2513
601,0,0,0,0,0,4,Test v West Indies,Port of Spain,20 Jul 2023,Test # 2513
602,1,1,0,0,1,1,ODI v West Indies,Bridgetown,27 Jul 2023,ODI # 4622
603,TDNF,-,-,-,-,-,ODI v Pakistan,Pallekele,2 Sep 2023,ODI # 4630
604,1,1,0,0,1,1,ODI v Nepal,Pallekele,4 Sep 2023,ODI # 4632
605,0,0,0,0,0,2,ODI v Pakistan,Colombo (RPS),10 Sep 2023,ODI # 4639
606,0,0,0,0,0,2,ODI v Sri Lanka,Colombo (RPS),12 Sep 2023,ODI # 4641
607,1,1,0,0,1,1,ODI v Sri Lanka,Colombo (RPS),17 Sep 2023,ODI # 4649
608,1,1,0,0,1,1,ODI v Australia,Rajkot,27 Sep 2023,ODI # 4657
609,2,2,0,0,2,1,ODI v Australia,Chennai,8 Oct 2023,ODI # 4662
610,1,1,0,0,1,1,ODI v Afghanistan,Delhi,11 Oct 2023,ODI # 4666
611,0,0,0,0,0,1,ODI v Pakistan,Ahmedabad,14 Oct 2023,ODI # 4669
612,0,0,0,0,0,1,ODI v Bangladesh,Pune,19 Oct 2023,ODI # 4674
613,2,2,0,0,2,1,ODI v New Zealand,Dharamsala,22 Oct 2023,ODI # 4678
614,0,0,0,0,0,2,ODI v England,Lucknow,29 Oct 2023,ODI # 4686
615,0,0,0,0,0,2,ODI v Sri Lanka,Wankhede,2 Nov 2023,ODI # 4690
616,0,0,0,0,0,2,ODI v South Africa,Eden Gardens,5 Nov 2023,ODI # 4694
617,0,0,0,0,0,2,ODI v Netherlands,Bengaluru,12 Nov 2023,ODI # 4702
618,0,0,0,0,0,2,ODI v New Zealand,Wankhede,15 Nov 2023,ODI # 4703
619,1,1,0,0,1,2,ODI v Australia,Ahmedabad,19 Nov 2023,ODI # 4705
620,0,0,0,0,0,2,Test v South Africa,Centurion,26 Dec 2023,Test # 2520
621,0,0,0,0,0,1,Test v South Africa,Cape Town,3 Jan 2024,Test # 2522
622,1,1,0,0,1,3,Test v South Africa,Cape Town,3 Jan 2024,Test # 2522
623,1,1,0,0,1,1,T20I v Afghanistan,Indore,14 Jan 2024,T20I # 2431
624,1,1,0,0,1,2,T20I v Afghanistan,Bengaluru,17 Jan 2024,T20I # 2435
625,1,1,0,0,1,1,T20I v Ireland,New York,5 Jun 2024,T20I # 2639
626,0,0,0,0,0,2,T20I v Pakistan,New York,9 Jun 2024,T20I # 2658
627,0,0,0,0,0,1,T20I v U.S.A.,New York,12 Jun 2024,T20I # 2671
628,0,0,0,0,0,2,T20I v Afghanistan,Bridgetown,20 Jun 2024,T20I # 2710
629,1,1,0,0,1,2,T20I v Bangladesh,North Sound,22 Jun 2024,T20I # 2716
630,0,0,0,0,0,2,T20I v Australia,Gros Islet,24 Jun 2024,T20I # 2721
631,0,0,0,0,0,2,T20I v England,Providence,27 Jun 2024,T20I # 2724
632,0,0,0,0,0,2,T20I v South Africa,Bridgetown,29 Jun 2024,T20I # 2729
633,0,0,0,0,0,1,ODI v Sri Lanka,Colombo (RPS),2 Aug 2024,ODI # 4752
634,1,1,0,0,1,1,ODI v Sri Lanka,Colombo (RPS),4 Aug 2024,ODI # 4753
635,0,0,0,0,0,1,ODI v Sri Lanka,Colombo (RPS),7 Aug 2024,ODI # 4754
636,2,2,0,0,2,2,Test v Bangladesh,Chennai,19 Sep 2024,Test # 2550
637,0,0,0,0,0,4,Test v Bangladesh,Chennai,19 Sep 2024,Test # 2550
638,0,0,0,0,0,1,Test v Bangladesh,Kanpur,27 Sep 2024,Test # 2552
639,0,0,0,0,0,3,Test v Bangladesh,Kanpur,27 Sep 2024,Test # 2552
640,0,0,0,0,0,2,Test v New Zealand,Bengaluru,16 Oct 2024,Test # 2555
641,0,0,0,0,0,4,Test v New Zealand,Bengaluru,16 Oct 2024,Test # 2555
642,0,0,0,0,0,1,Test v New Zealand,Pune,24 Oct 2024,Test # 2557
643,0,0,0,0,0,3,Test v New Zealand,Pune,24 Oct 2024,Test # 2557
644,0,0,0,0,0,1,Test v New Zealand,Wankhede,1 Nov 2024,Test # 2560
645,1,1,0,0,1,3,Test v New Zealand,Wankhede,1 Nov 2024,Test # 2560
646,1,1,0,0,1,2,Test v Australia,Perth,22 Nov 2024,Test # 2561
647,1,1,0,0,1,4,Test v Australia,Perth,22 Nov 2024,Test # 2561
648,0,0,0,0,0,2,Test v Australia,Adelaide,6 Dec 2024,Test # 2568
649,0,0,0,0,0,4,Test v Australia,Adelaide,6 Dec 2024,Test # 2568
650,3,3,0,0,3,1,Test v Australia,Brisbane,14 Dec 2024,Test # 2570
651,0,0,0,0,0,3,Test v Australia,Brisbane,14 Dec 2024,Test # 2570
652,1,1,0,0,1,1,Test v Australia,Melbourne,26 Dec 2024,Test # 2571
653,0,0,0,0,0,3,Test v Australia,Melbourne,26 Dec 2024,Test # 2571
654,1,1,0,0,1,2,Test v Australia,Sydney,3 Jan 2025,Test # 2575
655,0,0,0,0,0,4,Test v Australia,Sydney,3 Jan 2025,Test # 2575
