Dis,Ct,St,Ct Wk,Ct Fi,Inns,Opposition,Ground,Start Date,Match id
0,0,0,0,0,2,ODI v Sri Lanka,Dambulla,18 Aug 2008,ODI # 2742
3,3,0,0,3,1,ODI v Sri Lanka,Dambulla,20 Aug 2008,ODI # 2745
0,0,0,0,0,2,ODI v Sri Lanka,Colombo (RPS),24 Aug 2008,ODI # 2750
0,0,0,0,0,2,ODI v Sri Lanka,Colombo (RPS),27 Aug 2008,ODI # 2755
0,0,0,0,0,1,ODI v Sri Lanka,Colombo (RPS),29 Aug 2008,ODI # 2756
0,0,0,0,0,2,ODI v Sri Lanka,Colombo (RPS),14 Sep 2009,ODI # 2889
1,1,0,0,1,1,ODI v Pakistan,Centurion,26 Sep 2009,ODI # 2898
0,0,0,0,0,1,ODI v Australia,Centurion,28 Sep 2009,ODI # 2901
0,0,0,0,0,1,ODI v West Indies,Johannesburg,30 Sep 2009,ODI # 2904
1,1,0,0,1,1,ODI v Australia,Vadodara,25 Oct 2009,ODI # 2913
0,0,0,0,0,1,ODI v Australia,Mohali,2 Nov 2009,ODI # 2919
0,0,0,0,0,2,ODI v Sri Lanka,Rajkot,15 Dec 2009,ODI # 2932
1,1,0,0,1,2,ODI v Sri Lanka,Nagpur,18 Dec 2009,ODI # 2933
1,1,0,0,1,1,ODI v Sri Lanka,Eden Gardens,24 Dec 2009,ODI # 2935
0,0,0,0,0,1,ODI v Sri Lanka,Delhi,27 Dec 2009,ODI # 2936
0,0,0,0,0,2,ODI v Sri Lanka,Mirpur,5 Jan 2010,ODI # 2938
1,1,0,0,1,1,ODI v Bangladesh,Mirpur,7 Jan 2010,ODI # 2939
1,1,0,0,1,1,ODI v Sri Lanka,Mirpur,10 Jan 2010,ODI # 2941
1,1,0,0,1,1,ODI v Bangladesh,Mirpur,11 Jan 2010,ODI # 2942
1,1,0,0,1,2,ODI v Sri Lanka,Mirpur,13 Jan 2010,ODI # 2943
1,1,0,0,1,2,ODI v South Africa,Jaipur,21 Feb 2010,ODI # 2961
0,0,0,0,0,2,ODI v South Africa,Gwalior,24 Feb 2010,ODI # 2962
0,0,0,0,0,1,ODI v South Africa,Ahmedabad,27 Feb 2010,ODI # 2963
0,0,0,0,0,2,ODI v Zimbabwe,Bulawayo,28 May 2010,ODI # 2981
0,0,0,0,0,1,ODI v Sri Lanka,Bulawayo,30 May 2010,ODI # 2983
1,1,0,0,1,2,ODI v Zimbabwe,Harare,3 Jun 2010,ODI # 2986
1,1,0,0,1,2,ODI v Sri Lanka,Harare,5 Jun 2010,ODI # 2988
0,0,0,0,0,1,T20I v Zimbabwe,Harare,12 Jun 2010,T20I # 182
0,0,0,0,0,1,T20I v Zimbabwe,Harare,13 Jun 2010,T20I # 183
0,0,0,0,0,1,ODI v Bangladesh,Dambulla,16 Jun 2010,ODI # 2993
1,1,0,0,1,1,ODI v Pakistan,Dambulla,19 Jun 2010,ODI # 2996
0,0,0,0,0,2,ODI v Sri Lanka,Dambulla,22 Jun 2010,ODI # 2999
0,0,0,0,0,2,ODI v Sri Lanka,Dambulla,24 Jun 2010,ODI # 3001
0,0,0,0,0,1,ODI v Sri Lanka,Dambulla,16 Aug 2010,ODI # 3032
0,0,0,0,0,2,ODI v New Zealand,Dambulla,25 Aug 2010,ODI # 3039
0,0,0,0,0,1,ODI v Sri Lanka,Dambulla,28 Aug 2010,ODI # 3040
0,0,0,0,0,1,ODI v Australia,Visakhapatnam,20 Oct 2010,ODI # 3060
0,0,0,0,0,2,ODI v New Zealand,Guwahati,28 Nov 2010,ODI # 3070
1,1,0,0,1,1,ODI v New Zealand,Jaipur,1 Dec 2010,ODI # 3072
0,0,0,0,0,1,ODI v New Zealand,Vadodara,4 Dec 2010,ODI # 3074
0,0,0,0,0,1,ODI v New Zealand,Bengaluru,7 Dec 2010,ODI # 3076
0,0,0,0,0,1,ODI v New Zealand,Chennai,10 Dec 2010,ODI # 3077
1,1,0,0,1,2,T20I v South Africa,Durban,9 Jan 2011,T20I # 196
0,0,0,0,0,1,ODI v South Africa,Durban,12 Jan 2011,ODI # 3079
0,0,0,0,0,2,ODI v South Africa,Johannesburg,15 Jan 2011,ODI # 3080
3,3,0,0,3,1,ODI v South Africa,Cape Town,18 Jan 2011,ODI # 3082
1,1,0,0,1,1,ODI v South Africa,Gqeberha,21 Jan 2011,ODI # 3084
0,0,0,0,0,1,ODI v South Africa,Centurion,23 Jan 2011,ODI # 3087
0,0,0,0,0,2,ODI v Bangladesh,Mirpur,19 Feb 2011,ODI # 3100
1,1,0,0,1,2,ODI v England,Bengaluru,27 Feb 2011,ODI # 3110
0,0,0,0,0,1,ODI v Ireland,Bengaluru,6 Mar 2011,ODI # 3121
0,0,0,0,0,1,ODI v Netherlands,Delhi,9 Mar 2011,ODI # 3124
1,1,0,0,1,2,ODI v South Africa,Nagpur,12 Mar 2011,ODI # 3128
0,0,0,0,0,2,ODI v West Indies,Chennai,20 Mar 2011,ODI # 3141
0,0,0,0,0,1,ODI v Australia,Ahmedabad,24 Mar 2011,ODI # 3143
1,1,0,0,1,2,ODI v Pakistan,Mohali,30 Mar 2011,ODI # 3147
0,0,0,0,0,1,ODI v Sri Lanka,Wankhede,2 Apr 2011,ODI # 3148
2,2,0,0,2,2,T20I v West Indies,Port of Spain,4 Jun 2011,T20I # 200
1,1,0,0,1,1,ODI v West Indies,Port of Spain,6 Jun 2011,ODI # 3159
0,0,0,0,0,1,ODI v West Indies,Port of Spain,8 Jun 2011,ODI # 3160
1,1,0,0,1,1,ODI v West Indies,North Sound,11 Jun 2011,ODI # 3161
2,2,0,0,2,1,ODI v West Indies,North Sound,13 Jun 2011,ODI # 3162
0,0,0,0,0,2,ODI v West Indies,Kingston,16 Jun 2011,ODI # 3163
0,0,0,0,0,2,Test v West Indies,Kingston,20 Jun 2011,Test # 1997
2,2,0,0,2,4,Test v West Indies,Kingston,20 Jun 2011,Test # 1997
2,2,0,0,2,2,Test v West Indies,Bridgetown,28 Jun 2011,Test # 1998
0,0,0,0,0,4,Test v West Indies,Bridgetown,28 Jun 2011,Test # 1998
0,0,0,0,0,1,Test v West Indies,Roseau,6 Jul 2011,Test # 1999
1,1,0,0,1,3,Test v West Indies,Roseau,6 Jul 2011,Test # 1999
0,0,0,0,0,2,T20I v England,Manchester,31 Aug 2011,T20I # 204
0,0,0,0,0,2,ODI v England,Chester-le-Street,3 Sep 2011,ODI # 3186
2,2,0,0,2,2,ODI v England,Southampton,6 Sep 2011,ODI # 3187
0,0,0,0,0,2,ODI v England,The Oval,9 Sep 2011,ODI # 3189
1,1,0,0,1,2,ODI v England,Lord's,11 Sep 2011,ODI # 3191
0,0,0,0,0,2,ODI v England,Cardiff,16 Sep 2011,ODI # 3195
0,0,0,0,0,2,ODI v England,Hyderabad,14 Oct 2011,ODI # 3199
2,2,0,0,2,1,ODI v England,Delhi,17 Oct 2011,ODI # 3201
0,0,0,0,0,1,ODI v England,Mohali,20 Oct 2011,ODI # 3205
1,1,0,0,1,1,ODI v England,Wankhede,23 Oct 2011,ODI # 3207
1,1,0,0,1,2,ODI v England,Eden Gardens,25 Oct 2011,ODI # 3210
0,0,0,0,0,2,T20I v England,Eden Gardens,29 Oct 2011,T20I # 214
2,2,0,0,2,1,Test v West Indies,Wankhede,22 Nov 2011,Test # 2019
0,0,0,0,0,3,Test v West Indies,Wankhede,22 Nov 2011,Test # 2019
1,1,0,0,1,1,ODI v West Indies,Cuttack,29 Nov 2011,ODI # 3217
0,0,0,0,0,1,ODI v West Indies,Visakhapatnam,2 Dec 2011,ODI # 3219
0,0,0,0,0,1,ODI v West Indies,Ahmedabad,5 Dec 2011,ODI # 3221
0,0,0,0,0,2,ODI v West Indies,Indore,8 Dec 2011,ODI # 3223
0,0,0,0,0,2,ODI v West Indies,Chennai,11 Dec 2011,ODI # 3224
2,2,0,0,2,1,Test v Australia,Melbourne,26 Dec 2011,Test # 2025
0,0,0,0,0,3,Test v Australia,Melbourne,26 Dec 2011,Test # 2025
0,0,0,0,0,2,Test v Australia,Sydney,3 Jan 2012,Test # 2027
1,1,0,0,1,2,Test v Australia,W.A.C.A,13 Jan 2012,Test # 2029
0,0,0,0,0,1,Test v Australia,Adelaide,24 Jan 2012,Test # 2031
0,0,0,0,0,3,Test v Australia,Adelaide,24 Jan 2012,Test # 2031
0,0,0,0,0,1,T20I v Australia,Sydney,1 Feb 2012,T20I # 217
0,0,0,0,0,1,T20I v Australia,Melbourne,3 Feb 2012,T20I # 218
1,1,0,0,1,1,ODI v Australia,Melbourne,5 Feb 2012,ODI # 3231
1,1,0,0,1,1,ODI v Sri Lanka,W.A.C.A,8 Feb 2012,ODI # 3233
1,1,0,0,1,1,ODI v Australia,Adelaide,12 Feb 2012,ODI # 3237
1,1,0,0,1,1,ODI v Sri Lanka,Adelaide,14 Feb 2012,ODI # 3239
1,1,0,0,1,1,ODI v Australia,Brisbane,19 Feb 2012,ODI # 3244
0,0,0,0,0,1,ODI v Sri Lanka,Brisbane,21 Feb 2012,ODI # 3246
1,1,0,0,1,1,ODI v Australia,Sydney,26 Feb 2012,ODI # 3250
0,0,0,0,0,1,ODI v Sri Lanka,Hobart,28 Feb 2012,ODI # 3251
2,2,0,0,2,2,ODI v Sri Lanka,Mirpur,13 Mar 2012,ODI # 3259
0,0,0,0,0,2,ODI v Bangladesh,Mirpur,16 Mar 2012,ODI # 3261
2,2,0,0,2,1,ODI v Pakistan,Mirpur,18 Mar 2012,ODI # 3263
0,0,0,0,0,1,T20I v South Africa,Johannesburg,30 Mar 2012,T20I # 242
1,1,0,0,1,2,ODI v Sri Lanka,Hambantota,21 Jul 2012,ODI # 3291
0,0,0,0,0,2,ODI v Sri Lanka,Hambantota,24 Jul 2012,ODI # 3292
1,1,0,0,1,1,ODI v Sri Lanka,Colombo (RPS),28 Jul 2012,ODI # 3293
1,1,0,0,1,1,ODI v Sri Lanka,Colombo (RPS),31 Jul 2012,ODI # 3294
1,1,0,0,1,2,ODI v Sri Lanka,Pallekele,4 Aug 2012,ODI # 3295
1,1,0,0,1,2,T20I v Sri Lanka,Pallekele,7 Aug 2012,T20I # 255
3,3,0,0,3,2,Test v New Zealand,Hyderabad,23 Aug 2012,Test # 2054
1,1,0,0,1,3,Test v New Zealand,Hyderabad,23 Aug 2012,Test # 2054
0,0,0,0,0,1,Test v New Zealand,Bengaluru,31 Aug 2012,Test # 2055
0,0,0,0,0,3,Test v New Zealand,Bengaluru,31 Aug 2012,Test # 2055
0,0,0,0,0,1,T20I v New Zealand,Chennai,11 Sep 2012,T20I # 261
0,0,0,0,0,2,T20I v Afghanistan,Colombo (RPS),19 Sep 2012,T20I # 265
1,1,0,0,1,2,T20I v England,Colombo (RPS),23 Sep 2012,T20I # 272
0,0,0,0,0,2,T20I v Australia,Colombo (RPS),28 Sep 2012,T20I # 278
0,0,0,0,0,1,T20I v Pakistan,Colombo (RPS),30 Sep 2012,T20I # 282
0,0,0,0,0,2,T20I v South Africa,Colombo (RPS),2 Oct 2012,T20I # 286
1,1,0,0,1,2,Test v England,Ahmedabad,15 Nov 2012,Test # 2058
0,0,0,0,0,3,Test v England,Ahmedabad,15 Nov 2012,Test # 2058
1,1,0,0,1,2,Test v England,Wankhede,23 Nov 2012,Test # 2062
0,0,0,0,0,4,Test v England,Wankhede,23 Nov 2012,Test # 2062
0,0,0,0,0,2,Test v England,Eden Gardens,5 Dec 2012,Test # 2065
0,0,0,0,0,4,Test v England,Eden Gardens,5 Dec 2012,Test # 2065
1,1,0,0,1,1,Test v England,Nagpur,13 Dec 2012,Test # 2066
1,1,0,0,1,3,Test v England,Nagpur,13 Dec 2012,Test # 2066
1,1,0,0,1,1,T20I v England,Pune,20 Dec 2012,T20I # 292
0,0,0,0,0,2,T20I v England,Wankhede,22 Dec 2012,T20I # 294
0,0,0,0,0,2,T20I v Pakistan,Bengaluru,25 Dec 2012,T20I # 296
2,2,0,0,2,2,T20I v Pakistan,Ahmedabad,28 Dec 2012,T20I # 298
0,0,0,0,0,2,ODI v Pakistan,Chennai,30 Dec 2012,ODI # 3314
0,0,0,0,0,1,ODI v Pakistan,Eden Gardens,3 Jan 2013,ODI # 3315
0,0,0,0,0,2,ODI v Pakistan,Delhi,6 Jan 2013,ODI # 3316
1,1,0,0,1,1,ODI v England,Rajkot,11 Jan 2013,ODI # 3318
0,0,0,0,0,2,ODI v England,Kochi,15 Jan 2013,ODI # 3320
0,0,0,0,0,1,ODI v England,Ranchi,19 Jan 2013,ODI # 3322
0,0,0,0,0,1,ODI v England,Mohali,23 Jan 2013,ODI # 3327
0,0,0,0,0,2,ODI v England,Dharamsala,27 Jan 2013,ODI # 3329
1,1,0,0,1,1,Test v Australia,Chennai,22 Feb 2013,Test # 2074
0,0,0,0,0,3,Test v Australia,Chennai,22 Feb 2013,Test # 2074
0,0,0,0,0,1,Test v Australia,Hyderabad,2 Mar 2013,Test # 2076
1,1,0,0,1,3,Test v Australia,Hyderabad,2 Mar 2013,Test # 2076
1,1,0,0,1,1,Test v Australia,Mohali,14 Mar 2013,Test # 2081
0,0,0,0,0,3,Test v Australia,Mohali,14 Mar 2013,Test # 2081
2,2,0,0,2,1,Test v Australia,Delhi,22 Mar 2013,Test # 2085
0,0,0,0,0,3,Test v Australia,Delhi,22 Mar 2013,Test # 2085
0,0,0,0,0,2,ODI v South Africa,Cardiff,6 Jun 2013,ODI # 3363
0,0,0,0,0,1,ODI v West Indies,The Oval,11 Jun 2013,ODI # 3368
1,1,0,0,1,1,ODI v Pakistan,Birmingham,15 Jun 2013,ODI # 3372
0,0,0,0,0,1,ODI v Sri Lanka,Cardiff,20 Jun 2013,ODI # 3376
0,0,0,0,0,2,ODI v England,Birmingham,23 Jun 2013,ODI # 3377
0,0,0,0,0,2,ODI v West Indies,Kingston,30 Jun 2013,ODI # 3380
0,0,0,0,0,1,ODI v Sri Lanka,Kingston,2 Jul 2013,ODI # 3382
0,0,0,0,0,2,ODI v West Indies,Port of Spain,5 Jul 2013,ODI # 3383
1,1,0,0,1,2,ODI v Sri Lanka,Port of Spain,9 Jul 2013,ODI # 3387
0,0,0,0,0,1,ODI v Sri Lanka,Port of Spain,11 Jul 2013,ODI # 3388
0,0,0,0,0,1,ODI v Zimbabwe,Harare,24 Jul 2013,ODI # 3395
0,0,0,0,0,2,ODI v Zimbabwe,Harare,26 Jul 2013,ODI # 3397
0,0,0,0,0,1,ODI v Zimbabwe,Harare,28 Jul 2013,ODI # 3399
1,1,0,0,1,1,ODI v Zimbabwe,Bulawayo,1 Aug 2013,ODI # 3402
2,2,0,0,2,1,ODI v Zimbabwe,Bulawayo,3 Aug 2013,ODI # 3403
0,0,0,0,0,1,T20I v Australia,Rajkot,10 Oct 2013,T20I # 331
1,1,0,0,1,1,ODI v Australia,Pune,13 Oct 2013,ODI # 3419
0,0,0,0,0,1,ODI v Australia,Jaipur,16 Oct 2013,ODI # 3420
0,0,0,0,0,2,ODI v Australia,Mohali,19 Oct 2013,ODI # 3421
0,0,0,0,0,1,ODI v Australia,Ranchi,23 Oct 2013,ODI # 3422
2,2,0,0,2,1,ODI v Australia,Nagpur,30 Oct 2013,ODI # 3424
1,1,0,0,1,2,ODI v Australia,Bengaluru,2 Nov 2013,ODI # 3428
0,0,0,0,0,1,Test v West Indies,Eden Gardens,6 Nov 2013,Test # 2101
1,1,0,0,1,3,Test v West Indies,Eden Gardens,6 Nov 2013,Test # 2101
0,0,0,0,0,1,Test v West Indies,Wankhede,14 Nov 2013,Test # 2102
0,0,0,0,0,3,Test v West Indies,Wankhede,14 Nov 2013,Test # 2102
0,0,0,0,0,1,ODI v West Indies,Kochi,21 Nov 2013,ODI # 3436
0,0,0,0,0,2,ODI v West Indies,Visakhapatnam,24 Nov 2013,ODI # 3437
0,0,0,0,0,1,ODI v West Indies,Kanpur,27 Nov 2013,ODI # 3439
1,1,0,0,1,1,ODI v South Africa,Johannesburg,5 Dec 2013,ODI # 3442
0,0,0,0,0,1,ODI v South Africa,Durban,8 Dec 2013,ODI # 3443
0,0,0,0,0,1,ODI v South Africa,Centurion,11 Dec 2013,ODI # 3444
0,0,0,0,0,2,Test v South Africa,Johannesburg,18 Dec 2013,Test # 2108
0,0,0,0,0,4,Test v South Africa,Johannesburg,18 Dec 2013,Test # 2108
1,1,0,0,1,2,Test v South Africa,Durban,26 Dec 2013,Test # 2111
0,0,0,0,0,4,Test v South Africa,Durban,26 Dec 2013,Test # 2111
0,0,0,0,0,1,ODI v New Zealand,Napier,19 Jan 2014,ODI # 3456
0,0,0,0,0,1,ODI v New Zealand,Hamilton,22 Jan 2014,ODI # 3458
0,0,0,0,0,1,ODI v New Zealand,Auckland,25 Jan 2014,ODI # 3462
0,0,0,0,0,2,ODI v New Zealand,Hamilton,28 Jan 2014,ODI # 3465
0,0,0,0,0,1,ODI v New Zealand,Wellington,31 Jan 2014,ODI # 3467
1,1,0,0,1,1,Test v New Zealand,Auckland,6 Feb 2014,Test # 2118
0,0,0,0,0,3,Test v New Zealand,Auckland,6 Feb 2014,Test # 2118
1,1,0,0,1,1,Test v New Zealand,Wellington,14 Feb 2014,Test # 2120
0,0,0,0,0,3,Test v New Zealand,Wellington,14 Feb 2014,Test # 2120
0,0,0,0,0,1,ODI v Bangladesh,Fatullah,26 Feb 2014,ODI # 3474
0,0,0,0,0,2,ODI v Sri Lanka,Fatullah,28 Feb 2014,ODI # 3476
0,0,0,0,0,2,ODI v Pakistan,Mirpur,2 Mar 2014,ODI # 3479
2,2,0,0,2,1,ODI v Afghanistan,Mirpur,5 Mar 2014,ODI # 3483
0,0,0,0,0,1,T20I v Pakistan,Mirpur,21 Mar 2014,T20I # 378
1,1,0,0,1,1,T20I v West Indies,Mirpur,23 Mar 2014,T20I # 382
1,1,0,0,1,1,T20I v Bangladesh,Mirpur,28 Mar 2014,T20I # 389
2,2,0,0,2,2,T20I v Australia,Mirpur,30 Mar 2014,T20I # 393
0,0,0,0,0,1,T20I v South Africa,Mirpur,4 Apr 2014,T20I # 399
1,1,0,0,1,2,T20I v Sri Lanka,Mirpur,6 Apr 2014,T20I # 400
0,0,0,0,0,2,Test v England,Nottingham,9 Jul 2014,Test # 2128
0,0,0,0,0,2,Test v England,Lord's,17 Jul 2014,Test # 2130
0,0,0,0,0,4,Test v England,Lord's,17 Jul 2014,Test # 2130
0,0,0,0,0,1,Test v England,Southampton,27 Jul 2014,Test # 2132
0,0,0,0,0,3,Test v England,Southampton,27 Jul 2014,Test # 2132
0,0,0,0,0,2,Test v England,Manchester,7 Aug 2014,Test # 2134
1,1,0,0,1,2,Test v England,The Oval,15 Aug 2014,Test # 2137
1,1,0,0,1,2,ODI v England,Cardiff,27 Aug 2014,ODI # 3517
0,0,0,0,0,1,ODI v England,Nottingham,30 Aug 2014,ODI # 3520
0,0,0,0,0,1,ODI v England,Birmingham,2 Sep 2014,ODI # 3523
0,0,0,0,0,1,ODI v England,Leeds,5 Sep 2014,ODI # 3525
0,0,0,0,0,1,T20I v England,Birmingham,7 Sep 2014,T20I # 405
1,1,0,0,1,1,ODI v West Indies,Kochi,8 Oct 2014,ODI # 3531
1,1,0,0,1,2,ODI v West Indies,Delhi,11 Oct 2014,ODI # 3533
0,0,0,0,0,2,ODI v West Indies,Dharamsala,17 Oct 2014,ODI # 3535
1,1,0,0,1,2,ODI v Sri Lanka,Cuttack,2 Nov 2014,ODI # 3539
0,0,0,0,0,1,ODI v Sri Lanka,Ahmedabad,6 Nov 2014,ODI # 3540
1,1,0,0,1,1,ODI v Sri Lanka,Hyderabad,9 Nov 2014,ODI # 3543
1,1,0,0,1,2,ODI v Sri Lanka,Eden Gardens,13 Nov 2014,ODI # 3544
0,0,0,0,0,1,ODI v Sri Lanka,Ranchi,16 Nov 2014,ODI # 3547
1,1,0,0,1,1,Test v Australia,Adelaide,9 Dec 2014,Test # 2148
0,0,0,0,0,3,Test v Australia,Adelaide,9 Dec 2014,Test # 2148
0,0,0,0,0,2,Test v Australia,Brisbane,17 Dec 2014,Test # 2149
1,1,0,0,1,4,Test v Australia,Brisbane,17 Dec 2014,Test # 2149
0,0,0,0,0,1,Test v Australia,Melbourne,26 Dec 2014,Test # 2152
0,0,0,0,0,3,Test v Australia,Melbourne,26 Dec 2014,Test # 2152
0,0,0,0,0,1,Test v Australia,Sydney,6 Jan 2015,Test # 2156
0,0,0,0,0,3,Test v Australia,Sydney,6 Jan 2015,Test # 2156
0,0,0,0,0,2,ODI v Australia,Melbourne,18 Jan 2015,ODI # 3582
1,1,0,0,1,2,ODI v England,Brisbane,20 Jan 2015,ODI # 3586
TDNF,-,-,-,-,-,ODI v Australia,Sydney,26 Jan 2015,ODI # 3592
0,0,0,0,0,2,ODI v England,W.A.C.A,30 Jan 2015,ODI # 3595
1,1,0,0,1,2,ODI v Pakistan,Adelaide,15 Feb 2015,ODI # 3602
1,1,0,0,1,2,ODI v South Africa,Melbourne,22 Feb 2015,ODI # 3610
0,0,0,0,0,1,ODI v U.A.E.,W.A.C.A,28 Feb 2015,ODI # 3618
2,2,0,0,2,1,ODI v West Indies,W.A.C.A,6 Mar 2015,ODI # 3625
0,0,0,0,0,1,ODI v Ireland,Hamilton,10 Mar 2015,ODI # 3631
0,0,0,0,0,1,ODI v Zimbabwe,Auckland,14 Mar 2015,ODI # 3636
0,0,0,0,0,2,ODI v Bangladesh,Melbourne,19 Mar 2015,ODI # 3641
1,1,0,0,1,1,ODI v Australia,Sydney,26 Mar 2015,ODI # 3645
0,0,0,0,0,2,Test v Bangladesh,Fatullah,10 Jun 2015,Test # 2165
0,0,0,0,0,3,Test v Bangladesh,Fatullah,10 Jun 2015,Test # 2165
1,1,0,0,1,1,ODI v Bangladesh,Mirpur,18 Jun 2015,ODI # 3658
0,0,0,0,0,2,ODI v Bangladesh,Mirpur,21 Jun 2015,ODI # 3660
0,0,0,0,0,2,ODI v Bangladesh,Mirpur,24 Jun 2015,ODI # 3661
0,0,0,0,0,1,Test v Sri Lanka,Galle,12 Aug 2015,Test # 2176
0,0,0,0,0,3,Test v Sri Lanka,Galle,12 Aug 2015,Test # 2176
0,0,0,0,0,2,Test v Sri Lanka,Colombo (PSS),20 Aug 2015,Test # 2177
1,1,0,0,1,4,Test v Sri Lanka,Colombo (PSS),20 Aug 2015,Test # 2177
1,1,0,0,1,2,Test v Sri Lanka,Colombo (SSC),28 Aug 2015,Test # 2179
1,1,0,0,1,4,Test v Sri Lanka,Colombo (SSC),28 Aug 2015,Test # 2179
0,0,0,0,0,2,T20I v South Africa,Dharamsala,2 Oct 2015,T20I # 456
0,0,0,0,0,2,T20I v South Africa,Cuttack,5 Oct 2015,T20I # 457
0,0,0,0,0,1,ODI v South Africa,Kanpur,11 Oct 2015,ODI # 3689
3,3,0,0,3,2,ODI v South Africa,Indore,14 Oct 2015,ODI # 3692
0,0,0,0,0,1,ODI v South Africa,Rajkot,18 Oct 2015,ODI # 3695
0,0,0,0,0,2,ODI v South Africa,Chennai,22 Oct 2015,ODI # 3698
1,1,0,0,1,1,ODI v South Africa,Wankhede,25 Oct 2015,ODI # 3700
0,0,0,0,0,2,Test v South Africa,Mohali,5 Nov 2015,Test # 2186
1,1,0,0,1,4,Test v South Africa,Mohali,5 Nov 2015,Test # 2186
0,0,0,0,0,1,Test v South Africa,Bengaluru,14 Nov 2015,Test # 2188
0,0,0,0,0,2,Test v South Africa,Nagpur,25 Nov 2015,Test # 2189
2,2,0,0,2,4,Test v South Africa,Nagpur,25 Nov 2015,Test # 2189
0,0,0,0,0,2,Test v South Africa,Delhi,3 Dec 2015,Test # 2191
0,0,0,0,0,4,Test v South Africa,Delhi,3 Dec 2015,Test # 2191
2,2,0,0,2,2,ODI v Australia,W.A.C.A,12 Jan 2016,ODI # 3723
1,1,0,0,1,2,ODI v Australia,Brisbane,15 Jan 2016,ODI # 3724
0,0,0,0,0,2,ODI v Australia,Melbourne,17 Jan 2016,ODI # 3725
1,1,0,0,1,1,ODI v Australia,Canberra,20 Jan 2016,ODI # 3726
0,0,0,0,0,1,ODI v Australia,Sydney,23 Jan 2016,ODI # 3727
2,2,0,0,2,2,T20I v Australia,Adelaide,26 Jan 2016,T20I # 485
0,0,0,0,0,2,T20I v Australia,Melbourne,29 Jan 2016,T20I # 486
0,0,0,0,0,1,T20I v Australia,Sydney,31 Jan 2016,T20I # 489
0,0,0,0,0,2,T20I v Bangladesh,Mirpur,24 Feb 2016,T20I # 509
0,0,0,0,0,1,T20I v Pakistan,Mirpur,27 Feb 2016,T20I # 512
0,0,0,0,0,1,T20I v Sri Lanka,Mirpur,1 Mar 2016,T20I # 515
1,1,0,0,1,1,T20I v U.A.E.,Mirpur,3 Mar 2016,T20I # 517
1,1,0,0,1,1,T20I v Bangladesh,Mirpur,6 Mar 2016,T20I # 521
0,0,0,0,0,1,T20I v New Zealand,Nagpur,15 Mar 2016,T20I # 535
1,1,0,0,1,1,T20I v Pakistan,Eden Gardens,19 Mar 2016,T20I # 541
1,1,0,0,1,2,T20I v Bangladesh,Bengaluru,23 Mar 2016,T20I # 547
1,1,0,0,1,1,T20I v Australia,Mohali,27 Mar 2016,T20I # 553
0,0,0,0,0,2,T20I v West Indies,Wankhede,31 Mar 2016,T20I # 556
1,1,0,0,1,2,Test v West Indies,North Sound,21 Jul 2016,Test # 2207
1,1,0,0,1,3,Test v West Indies,North Sound,21 Jul 2016,Test # 2207
2,2,0,0,2,1,Test v West Indies,Kingston,30 Jul 2016,Test # 2211
0,0,0,0,0,3,Test v West Indies,Kingston,30 Jul 2016,Test # 2211
1,1,0,0,1,2,Test v West Indies,Gros Islet,9 Aug 2016,Test # 2215
1,1,0,0,1,4,Test v West Indies,Gros Islet,9 Aug 2016,Test # 2215
0,0,0,0,0,1,Test v West Indies,Port of Spain,18 Aug 2016,Test # 2218
0,0,0,0,0,1,T20I v West Indies,Lauderhill,27 Aug 2016,T20I # 562
1,1,0,0,1,1,T20I v West Indies,Lauderhill,28 Aug 2016,T20I # 563
0,0,0,0,0,2,Test v New Zealand,Kanpur,22 Sep 2016,Test # 2221
0,0,0,0,0,4,Test v New Zealand,Kanpur,22 Sep 2016,Test # 2221
0,0,0,0,0,2,Test v New Zealand,Eden Gardens,30 Sep 2016,Test # 2222
1,1,0,0,1,4,Test v New Zealand,Eden Gardens,30 Sep 2016,Test # 2222
1,1,0,0,1,2,Test v New Zealand,Indore,8 Oct 2016,Test # 2223
1,1,0,0,1,4,Test v New Zealand,Indore,8 Oct 2016,Test # 2223
0,0,0,0,0,1,ODI v New Zealand,Dharamsala,16 Oct 2016,ODI # 3796
0,0,0,0,0,1,ODI v New Zealand,Delhi,20 Oct 2016,ODI # 3797
1,1,0,0,1,1,ODI v New Zealand,Mohali,23 Oct 2016,ODI # 3798
1,1,0,0,1,1,ODI v New Zealand,Ranchi,26 Oct 2016,ODI # 3799
0,0,0,0,0,2,ODI v New Zealand,Visakhapatnam,29 Oct 2016,ODI # 3800
0,0,0,0,0,1,Test v England,Rajkot,9 Nov 2016,Test # 2232
0,0,0,0,0,3,Test v England,Rajkot,9 Nov 2016,Test # 2232
0,0,0,0,0,2,Test v England,Visakhapatnam,17 Nov 2016,Test # 2235
1,1,0,0,1,4,Test v England,Visakhapatnam,17 Nov 2016,Test # 2235
1,1,0,0,1,1,Test v England,Mohali,26 Nov 2016,Test # 2238
0,0,0,0,0,3,Test v England,Mohali,26 Nov 2016,Test # 2238
2,2,0,0,2,1,Test v England,Wankhede,8 Dec 2016,Test # 2239
0,0,0,0,0,3,Test v England,Wankhede,8 Dec 2016,Test # 2239
1,1,0,0,1,1,Test v England,Chennai,16 Dec 2016,Test # 2241
0,0,0,0,0,3,Test v England,Chennai,16 Dec 2016,Test # 2241
0,0,0,0,0,1,ODI v England,Pune,15 Jan 2017,ODI # 3819
1,1,0,0,1,2,ODI v England,Cuttack,19 Jan 2017,ODI # 3821
0,0,0,0,0,1,ODI v England,Eden Gardens,22 Jan 2017,ODI # 3824
0,0,0,0,0,2,T20I v England,Kanpur,26 Jan 2017,T20I # 592
0,0,0,0,0,2,T20I v England,Nagpur,29 Jan 2017,T20I # 593
3,3,0,0,3,2,T20I v England,Bengaluru,1 Feb 2017,T20I # 594
0,0,0,0,0,2,Test v Bangladesh,Hyderabad,9 Feb 2017,Test # 2249
1,1,0,0,1,4,Test v Bangladesh,Hyderabad,9 Feb 2017,Test # 2249
2,2,0,0,2,1,Test v Australia,Pune,23 Feb 2017,Test # 2250
0,0,0,0,0,3,Test v Australia,Pune,23 Feb 2017,Test # 2250
0,0,0,0,0,2,Test v Australia,Bengaluru,4 Mar 2017,Test # 2251
0,0,0,0,0,4,Test v Australia,Bengaluru,4 Mar 2017,Test # 2251
1,1,0,0,1,1,Test v Australia,Ranchi,16 Mar 2017,Test # 2256
0,0,0,0,0,3,Test v Australia,Ranchi,16 Mar 2017,Test # 2256
0,0,0,0,0,2,ODI v Pakistan,Birmingham,4 Jun 2017,ODI # 3878
0,0,0,0,0,2,ODI v Sri Lanka,The Oval,8 Jun 2017,ODI # 3882
1,1,0,0,1,1,ODI v South Africa,The Oval,11 Jun 2017,ODI # 3886
1,1,0,0,1,1,ODI v Bangladesh,Birmingham,15 Jun 2017,ODI # 3891
0,0,0,0,0,1,ODI v Pakistan,The Oval,18 Jun 2017,ODI # 3894
TDNF,-,-,-,-,-,ODI v West Indies,Port of Spain,23 Jun 2017,ODI # 3895
0,0,0,0,0,2,ODI v West Indies,Port of Spain,25 Jun 2017,ODI # 3896
0,0,0,0,0,2,ODI v West Indies,North Sound,30 Jun 2017,ODI # 3898
1,1,0,0,1,1,ODI v West Indies,North Sound,2 Jul 2017,ODI # 3900
1,1,0,0,1,1,ODI v West Indies,Kingston,6 Jul 2017,ODI # 3902
0,0,0,0,0,2,T20I v West Indies,Kingston,9 Jul 2017,T20I # 617
1,1,0,0,1,2,Test v Sri Lanka,Galle,26 Jul 2017,Test # 2265
1,1,0,0,1,4,Test v Sri Lanka,Galle,26 Jul 2017,Test # 2265
1,1,0,0,1,2,Test v Sri Lanka,Colombo (SSC),3 Aug 2017,Test # 2267
0,0,0,0,0,3,Test v Sri Lanka,Colombo (SSC),3 Aug 2017,Test # 2267
0,0,0,0,0,2,Test v Sri Lanka,Pallekele,12 Aug 2017,Test # 2269
0,0,0,0,0,3,Test v Sri Lanka,Pallekele,12 Aug 2017,Test # 2269
0,0,0,0,0,1,ODI v Sri Lanka,Dambulla,20 Aug 2017,ODI # 3905
1,1,0,0,1,1,ODI v Sri Lanka,Pallekele,24 Aug 2017,ODI # 3906
0,0,0,0,0,1,ODI v Sri Lanka,Pallekele,27 Aug 2017,ODI # 3907
0,0,0,0,0,2,ODI v Sri Lanka,Colombo (RPS),31 Aug 2017,ODI # 3908
1,1,0,0,1,1,ODI v Sri Lanka,Colombo (RPS),3 Sep 2017,ODI # 3909
1,1,0,0,1,1,T20I v Sri Lanka,Colombo (RPS),6 Sep 2017,T20I # 618
0,0,0,0,0,2,ODI v Australia,Chennai,17 Sep 2017,ODI # 3910
0,0,0,0,0,2,ODI v Australia,Eden Gardens,21 Sep 2017,ODI # 3912
0,0,0,0,0,1,ODI v Australia,Indore,24 Sep 2017,ODI # 3914
1,1,0,0,1,1,ODI v Australia,Bengaluru,28 Sep 2017,ODI # 3917
0,0,0,0,0,1,ODI v Australia,Nagpur,1 Oct 2017,ODI # 3919
0,0,0,0,0,1,T20I v Australia,Ranchi,7 Oct 2017,T20I # 623
2,2,0,0,2,2,T20I v Australia,Guwahati,10 Oct 2017,T20I # 624
0,0,0,0,0,2,ODI v New Zealand,Wankhede,22 Oct 2017,ODI # 3928
1,1,0,0,1,1,ODI v New Zealand,Pune,25 Oct 2017,ODI # 3931
0,0,0,0,0,2,ODI v New Zealand,Kanpur,29 Oct 2017,ODI # 3932
0,0,0,0,0,2,T20I v New Zealand,Delhi,1 Nov 2017,T20I # 630
0,0,0,0,0,1,T20I v New Zealand,Rajkot,4 Nov 2017,T20I # 631
0,0,0,0,0,2,T20I v New Zealand,Thiruvananthapuram,7 Nov 2017,T20I # 632
2,2,0,0,2,2,Test v Sri Lanka,Eden Gardens,16 Nov 2017,Test # 2281
0,0,0,0,0,4,Test v Sri Lanka,Eden Gardens,16 Nov 2017,Test # 2281
0,0,0,0,0,1,Test v Sri Lanka,Nagpur,24 Nov 2017,Test # 2283
1,1,0,0,1,3,Test v Sri Lanka,Nagpur,24 Nov 2017,Test # 2283
0,0,0,0,0,2,Test v Sri Lanka,Delhi,2 Dec 2017,Test # 2286
0,0,0,0,0,4,Test v Sri Lanka,Delhi,2 Dec 2017,Test # 2286
0,0,0,0,0,1,Test v South Africa,Cape Town,5 Jan 2018,Test # 2292
1,1,0,0,1,3,Test v South Africa,Cape Town,5 Jan 2018,Test # 2292
1,1,0,0,1,1,Test v South Africa,Centurion,13 Jan 2018,Test # 2293
1,1,0,0,1,3,Test v South Africa,Centurion,13 Jan 2018,Test # 2293
0,0,0,0,0,2,Test v South Africa,Johannesburg,24 Jan 2018,Test # 2294
0,0,0,0,0,4,Test v South Africa,Johannesburg,24 Jan 2018,Test # 2294
1,1,0,0,1,1,ODI v South Africa,Durban,1 Feb 2018,ODI # 3969
0,0,0,0,0,1,ODI v South Africa,Centurion,4 Feb 2018,ODI # 3970
2,2,0,0,2,2,ODI v South Africa,Cape Town,7 Feb 2018,ODI # 3971
0,0,0,0,0,2,ODI v South Africa,Johannesburg,10 Feb 2018,ODI # 3973
1,1,0,0,1,2,ODI v South Africa,Gqeberha,13 Feb 2018,ODI # 3976
2,2,0,0,2,1,ODI v South Africa,Centurion,16 Feb 2018,ODI # 3978
0,0,0,0,0,2,T20I v South Africa,Johannesburg,18 Feb 2018,T20I # 652
0,0,0,0,0,2,T20I v South Africa,Centurion,21 Feb 2018,T20I # 654
1,1,0,0,1,2,T20I v Ireland,Dublin (Malahide),27 Jun 2018,T20I # 678
0,0,0,0,0,2,T20I v Ireland,Dublin (Malahide),29 Jun 2018,T20I # 680
2,2,0,0,2,1,T20I v England,Manchester,3 Jul 2018,T20I # 684
1,1,0,0,1,2,T20I v England,Cardiff,6 Jul 2018,T20I # 688
1,1,0,0,1,1,T20I v England,Bristol,8 Jul 2018,T20I # 690
1,1,0,0,1,1,ODI v England,Nottingham,12 Jul 2018,ODI # 4014
0,0,0,0,0,1,ODI v England,Lord's,14 Jul 2018,ODI # 4016
0,0,0,0,0,2,ODI v England,Leeds,17 Jul 2018,ODI # 4018
0,0,0,0,0,1,Test v England,Birmingham,1 Aug 2018,Test # 2314
1,1,0,0,1,3,Test v England,Birmingham,1 Aug 2018,Test # 2314
0,0,0,0,0,2,Test v England,Lord's,9 Aug 2018,Test # 2315
0,0,0,0,0,2,Test v England,Nottingham,18 Aug 2018,Test # 2316
1,1,0,0,1,4,Test v England,Nottingham,18 Aug 2018,Test # 2316
2,2,0,0,2,1,Test v England,Southampton,30 Aug 2018,Test # 2317
0,0,0,0,0,3,Test v England,Southampton,30 Aug 2018,Test # 2317
0,0,0,0,0,1,Test v England,The Oval,7 Sep 2018,Test # 2318
0,0,0,0,0,3,Test v England,The Oval,7 Sep 2018,Test # 2318
0,0,0,0,0,2,Test v West Indies,Rajkot,4 Oct 2018,Test # 2319
0,0,0,0,0,3,Test v West Indies,Rajkot,4 Oct 2018,Test # 2319
0,0,0,0,0,1,Test v West Indies,Hyderabad,12 Oct 2018,Test # 2321
0,0,0,0,0,3,Test v West Indies,Hyderabad,12 Oct 2018,Test # 2321
0,0,0,0,0,1,ODI v West Indies,Guwahati,21 Oct 2018,ODI # 4056
1,1,0,0,1,2,ODI v West Indies,Visakhapatnam,24 Oct 2018,ODI # 4059
0,0,0,0,0,1,ODI v West Indies,Pune,27 Oct 2018,ODI # 4062
0,0,0,0,0,2,ODI v West Indies,Brabourne,29 Oct 2018,ODI # 4063
1,1,0,0,1,1,ODI v West Indies,Thiruvananthapuram,1 Nov 2018,ODI # 4064
0,0,0,0,0,1,T20I v Australia,Brisbane,21 Nov 2018,T20I # 712
0,0,0,0,0,1,T20I v Australia,Melbourne,23 Nov 2018,T20I # 713
1,1,0,0,1,1,T20I v Australia,Sydney,25 Nov 2018,T20I # 714
0,0,0,0,0,2,Test v Australia,Adelaide,6 Dec 2018,Test # 2333
1,1,0,0,1,4,Test v Australia,Adelaide,6 Dec 2018,Test # 2333
1,1,0,0,1,1,Test v Australia,Perth,14 Dec 2018,Test # 2334
1,1,0,0,1,3,Test v Australia,Perth,14 Dec 2018,Test # 2334
0,0,0,0,0,2,Test v Australia,Melbourne,26 Dec 2018,Test # 2337
2,2,0,0,2,4,Test v Australia,Melbourne,26 Dec 2018,Test # 2337
0,0,0,0,0,2,Test v Australia,Sydney,3 Jan 2019,Test # 2339
0,0,0,0,0,3,Test v Australia,Sydney,3 Jan 2019,Test # 2339
0,0,0,0,0,1,ODI v Australia,Sydney,12 Jan 2019,ODI # 4077
1,1,0,0,1,1,ODI v Australia,Adelaide,15 Jan 2019,ODI # 4078
1,1,0,0,1,1,ODI v Australia,Melbourne,18 Jan 2019,ODI # 4079
0,0,0,0,0,1,ODI v New Zealand,Napier,23 Jan 2019,ODI # 4082
0,0,0,0,0,2,ODI v New Zealand,Mount Maunganui,26 Jan 2019,ODI # 4085
1,1,0,0,1,1,ODI v New Zealand,Mount Maunganui,28 Jan 2019,ODI # 4088
0,0,0,0,0,2,T20I v Australia,Visakhapatnam,24 Feb 2019,T20I # 748
0,0,0,0,0,2,T20I v Australia,Bengaluru,27 Feb 2019,T20I # 749
2,2,0,0,2,1,ODI v Australia,Hyderabad,2 Mar 2019,ODI # 4102
1,1,0,0,1,2,ODI v Australia,Nagpur,5 Mar 2019,ODI # 4106
0,0,0,0,0,1,ODI v Australia,Ranchi,8 Mar 2019,ODI # 4109
0,0,0,0,0,2,ODI v Australia,Mohali,10 Mar 2019,ODI # 4111
2,2,0,0,2,1,ODI v Australia,Delhi,13 Mar 2019,ODI # 4113
2,2,0,0,2,1,ODI v South Africa,Southampton,5 Jun 2019,ODI # 4150
1,1,0,0,1,2,ODI v Australia,The Oval,9 Jun 2019,ODI # 4155
0,0,0,0,0,2,ODI v Pakistan,Manchester,16 Jun 2019,ODI # 4161
0,0,0,0,0,2,ODI v Afghanistan,Southampton,22 Jun 2019,ODI # 4169
0,0,0,0,0,2,ODI v West Indies,Manchester,27 Jun 2019,ODI # 4175
0,0,0,0,0,1,ODI v England,Birmingham,30 Jun 2019,ODI # 4179
1,1,0,0,1,2,ODI v Bangladesh,Birmingham,2 Jul 2019,ODI # 4182
0,0,0,0,0,1,ODI v Sri Lanka,Leeds,6 Jul 2019,ODI # 4187
2,2,0,0,2,1,ODI v New Zealand,Manchester,9 Jul 2019,ODI # 4190
1,1,0,0,1,1,T20I v West Indies,Lauderhill,3 Aug 2019,T20I # 842
0,0,0,0,0,2,T20I v West Indies,Lauderhill,4 Aug 2019,T20I # 843
0,0,0,0,0,1,T20I v West Indies,Providence,6 Aug 2019,T20I # 846
0,0,0,0,0,1,ODI v West Indies,Providence,8 Aug 2019,ODI # 4196
3,3,0,0,3,2,ODI v West Indies,Port of Spain,11 Aug 2019,ODI # 4197
2,2,0,0,2,1,ODI v West Indies,Port of Spain,14 Aug 2019,ODI # 4199
1,1,0,0,1,2,Test v West Indies,North Sound,22 Aug 2019,Test # 2358
0,0,0,0,0,4,Test v West Indies,North Sound,22 Aug 2019,Test # 2358
1,1,0,0,1,2,Test v West Indies,Kingston,30 Aug 2019,Test # 2359
1,1,0,0,1,4,Test v West Indies,Kingston,30 Aug 2019,Test # 2359
1,1,0,0,1,1,T20I v South Africa,Mohali,18 Sep 2019,T20I # 888
1,1,0,0,1,2,T20I v South Africa,Bengaluru,22 Sep 2019,T20I # 893
0,0,0,0,0,2,Test v South Africa,Visakhapatnam,2 Oct 2019,Test # 2363
0,0,0,0,0,4,Test v South Africa,Visakhapatnam,2 Oct 2019,Test # 2363
1,1,0,0,1,2,Test v South Africa,Pune,10 Oct 2019,Test # 2364
0,0,0,0,0,3,Test v South Africa,Pune,10 Oct 2019,Test # 2364
0,0,0,0,0,2,Test v South Africa,Ranchi,19 Oct 2019,Test # 2365
0,0,0,0,0,3,Test v South Africa,Ranchi,19 Oct 2019,Test # 2365
1,1,0,0,1,1,Test v Bangladesh,Indore,14 Nov 2019,Test # 2366
0,0,0,0,0,3,Test v Bangladesh,Indore,14 Nov 2019,Test # 2366
0,0,0,0,0,1,Test v Bangladesh,Eden Gardens,22 Nov 2019,Test # 2369
3,3,0,0,3,3,Test v Bangladesh,Eden Gardens,22 Nov 2019,Test # 2369
0,0,0,0,0,1,T20I v West Indies,Hyderabad,6 Dec 2019,T20I # 1020
1,1,0,0,1,2,T20I v West Indies,Thiruvananthapuram,8 Dec 2019,T20I # 1022
0,0,0,0,0,2,T20I v West Indies,Wankhede,11 Dec 2019,T20I # 1024
0,0,0,0,0,2,ODI v West Indies,Chennai,15 Dec 2019,ODI # 4221
2,2,0,0,2,2,ODI v West Indies,Visakhapatnam,18 Dec 2019,ODI # 4222
0,0,0,0,0,1,ODI v West Indies,Cuttack,22 Dec 2019,ODI # 4223
TDNF,-,-,-,-,-,T20I v Sri Lanka,Guwahati,5 Jan 2020,T20I # 1025
0,0,0,0,0,1,T20I v Sri Lanka,Indore,7 Jan 2020,T20I # 1026
1,1,0,0,1,2,T20I v Sri Lanka,Pune,10 Jan 2020,T20I # 1027
0,0,0,0,0,2,ODI v Australia,Wankhede,14 Jan 2020,ODI # 4231
1,1,0,0,1,2,ODI v Australia,Rajkot,17 Jan 2020,ODI # 4232
1,1,0,0,1,1,ODI v Australia,Bengaluru,19 Jan 2020,ODI # 4233
1,1,0,0,1,1,T20I v New Zealand,Auckland,24 Jan 2020,T20I # 1031
2,2,0,0,2,1,T20I v New Zealand,Auckland,26 Jan 2020,T20I # 1034
0,0,0,0,0,2,T20I v New Zealand,Hamilton,29 Jan 2020,T20I # 1035
0,0,0,0,0,2,T20I v New Zealand,Wellington,31 Jan 2020,T20I # 1036
0,0,0,0,0,2,ODI v New Zealand,Hamilton,5 Feb 2020,ODI # 4235
0,0,0,0,0,1,ODI v New Zealand,Auckland,8 Feb 2020,ODI # 4239
2,2,0,0,2,2,ODI v New Zealand,Mount Maunganui,11 Feb 2020,ODI # 4243
1,1,0,0,1,2,Test v New Zealand,Wellington,21 Feb 2020,Test # 2385
0,0,0,0,0,4,Test v New Zealand,Wellington,21 Feb 2020,Test # 2385
1,1,0,0,1,2,Test v New Zealand,Christchurch,29 Feb 2020,Test # 2387
0,0,0,0,0,4,Test v New Zealand,Christchurch,29 Feb 2020,Test # 2387
0,0,0,0,0,1,ODI v Australia,Sydney,27 Nov 2020,ODI # 4265
1,1,0,0,1,1,ODI v Australia,Sydney,29 Nov 2020,ODI # 4266
0,0,0,0,0,2,ODI v Australia,Canberra,2 Dec 2020,ODI # 4267
1,1,0,0,1,2,T20I v Australia,Canberra,4 Dec 2020,T20I # 1114
0,0,0,0,0,1,T20I v Australia,Sydney,6 Dec 2020,T20I # 1115
0,0,0,0,0,1,T20I v Australia,Sydney,8 Dec 2020,T20I # 1116
2,2,0,0,2,2,Test v Australia,Adelaide,17 Dec 2020,Test # 2396
0,0,0,0,0,4,Test v Australia,Adelaide,17 Dec 2020,Test # 2396
0,0,0,0,0,1,Test v England,Chennai,5 Feb 2021,Test # 2409
0,0,0,0,0,3,Test v England,Chennai,5 Feb 2021,Test # 2409
1,1,0,0,1,2,Test v England,Chennai,13 Feb 2021,Test # 2411
2,2,0,0,2,4,Test v England,Chennai,13 Feb 2021,Test # 2411
0,0,0,0,0,1,Test v England,Ahmedabad,24 Feb 2021,Test # 2412
0,0,0,0,0,3,Test v England,Ahmedabad,24 Feb 2021,Test # 2412
0,0,0,0,0,1,Test v England,Ahmedabad,4 Mar 2021,Test # 2414
1,1,0,0,1,3,Test v England,Ahmedabad,4 Mar 2021,Test # 2414
0,0,0,0,0,2,T20I v England,Ahmedabad,12 Mar 2021,T20I # 1131
0,0,0,0,0,1,T20I v England,Ahmedabad,14 Mar 2021,T20I # 1132
0,0,0,0,0,2,T20I v England,Ahmedabad,16 Mar 2021,T20I # 1133
0,0,0,0,0,2,T20I v England,Ahmedabad,18 Mar 2021,T20I # 1135
0,0,0,0,0,2,T20I v England,Ahmedabad,20 Mar 2021,T20I # 1138
1,1,0,0,1,2,ODI v England,Pune,23 Mar 2021,ODI # 4281
1,1,0,0,1,2,ODI v England,Pune,26 Mar 2021,ODI # 4283
1,1,0,0,1,2,ODI v England,Pune,28 Mar 2021,ODI # 4284
2,2,0,0,2,2,Test v New Zealand,Southampton,18 Jun 2021,Test # 2425
0,0,0,0,0,4,Test v New Zealand,Southampton,18 Jun 2021,Test # 2425
0,0,0,0,0,1,Test v England,Nottingham,4 Aug 2021,Test # 2428
0,0,0,0,0,3,Test v England,Nottingham,4 Aug 2021,Test # 2428
2,2,0,0,2,2,Test v England,Lord's,12 Aug 2021,Test # 2429
2,2,0,0,2,4,Test v England,Lord's,12 Aug 2021,Test # 2429
1,1,0,0,1,2,Test v England,Leeds,25 Aug 2021,Test # 2432
1,1,0,0,1,2,Test v England,The Oval,2 Sep 2021,Test # 2433
0,0,0,0,0,4,Test v England,The Oval,2 Sep 2021,Test # 2433
0,0,0,0,0,2,T20I v Pakistan,Dubai (DICS),24 Oct 2021,T20I # 1361
0,0,0,0,0,2,T20I v New Zealand,Dubai (DICS),31 Oct 2021,T20I # 1381
0,0,0,0,0,2,T20I v Afghanistan,Abu Dhabi,3 Nov 2021,T20I # 1390
0,0,0,0,0,1,T20I v Scotland,Dubai (DICS),5 Nov 2021,T20I # 1396
0,0,0,0,0,1,T20I v Namibia,Dubai (DICS),8 Nov 2021,T20I # 1410
2,2,0,0,2,2,Test v New Zealand,Wankhede,3 Dec 2021,Test # 2438
0,0,0,0,0,4,Test v New Zealand,Wankhede,3 Dec 2021,Test # 2438
0,0,0,0,0,2,Test v South Africa,Centurion,26 Dec 2021,Test # 2443
0,0,0,0,0,4,Test v South Africa,Centurion,26 Dec 2021,Test # 2443
2,2,0,0,2,2,Test v South Africa,Cape Town,11 Jan 2022,Test # 2448
0,0,0,0,0,4,Test v South Africa,Cape Town,11 Jan 2022,Test # 2448
0,0,0,0,0,1,ODI v South Africa,Paarl,19 Jan 2022,ODI # 4344
0,0,0,0,0,2,ODI v South Africa,Paarl,21 Jan 2022,ODI # 4346
2,2,0,0,2,1,ODI v South Africa,Cape Town,23 Jan 2022,ODI # 4349
0,0,0,0,0,1,ODI v West Indies,Ahmedabad,6 Feb 2022,ODI # 4353
1,1,0,0,1,2,ODI v West Indies,Ahmedabad,9 Feb 2022,ODI # 4355
2,2,0,0,2,2,ODI v West Indies,Ahmedabad,11 Feb 2022,ODI # 4356
1,1,0,0,1,1,T20I v West Indies,Eden Gardens,16 Feb 2022,T20I # 1467
0,0,0,0,0,2,T20I v West Indies,Eden Gardens,18 Feb 2022,T20I # 1473
0,0,0,0,0,2,Test v Sri Lanka,Mohali,4 Mar 2022,Test # 2452
1,1,0,0,1,3,Test v Sri Lanka,Mohali,4 Mar 2022,Test # 2452
0,0,0,0,0,2,Test v Sri Lanka,Bengaluru,12 Mar 2022,Test # 2456
0,0,0,0,0,4,Test v Sri Lanka,Bengaluru,12 Mar 2022,Test # 2456
1,1,0,0,1,2,Test v England,Birmingham,1 Jul 2022,Test # 2470
0,0,0,0,0,4,Test v England,Birmingham,1 Jul 2022,Test # 2470
1,1,0,0,1,2,T20I v England,Birmingham,9 Jul 2022,T20I # 1628
0,0,0,0,0,1,T20I v England,Nottingham,10 Jul 2022,T20I # 1631
0,0,0,0,0,1,ODI v England,Lord's,14 Jul 2022,ODI # 4428
1,1,0,0,1,1,ODI v England,Manchester,17 Jul 2022,ODI # 4433
0,0,0,0,0,1,T20I v Pakistan,Dubai (DICS),28 Aug 2022,T20I # 1750
0,0,0,0,0,2,T20I v Hong Kong,Dubai (DICS),31 Aug 2022,T20I # 1754
1,1,0,0,1,2,T20I v Pakistan,Dubai (DICS),4 Sep 2022,T20I # 1758
0,0,0,0,0,2,T20I v Sri Lanka,Dubai (DICS),6 Sep 2022,T20I # 1759
1,1,0,0,1,2,T20I v Afghanistan,Dubai (DICS),8 Sep 2022,T20I # 1761
1,1,0,0,1,2,T20I v Australia,Mohali,20 Sep 2022,T20I # 1788
0,0,0,0,0,1,T20I v Australia,Nagpur,23 Sep 2022,T20I # 1794
0,0,0,0,0,1,T20I v Australia,Hyderabad,25 Sep 2022,T20I # 1796
0,0,0,0,0,1,T20I v South Africa,Thiruvananthapuram,28 Sep 2022,T20I # 1800
1,1,0,0,1,2,T20I v South Africa,Guwahati,2 Oct 2022,T20I # 1803
0,0,0,0,0,1,T20I v Pakistan,Melbourne,23 Oct 2022,T20I # 1842
1,1,0,0,1,2,T20I v Netherlands,Sydney,27 Oct 2022,T20I # 1848
0,0,0,0,0,2,T20I v South Africa,Perth,30 Oct 2022,T20I # 1853
0,0,0,0,0,2,T20I v Bangladesh,Adelaide,2 Nov 2022,T20I # 1860
1,1,0,0,1,2,T20I v Zimbabwe,Melbourne,6 Nov 2022,T20I # 1873
0,0,0,0,0,2,T20I v England,Adelaide,10 Nov 2022,T20I # 1878
1,1,0,0,1,2,ODI v Bangladesh,Mirpur,4 Dec 2022,ODI # 4493
0,0,0,0,0,1,ODI v Bangladesh,Mirpur,7 Dec 2022,ODI # 4496
0,0,0,0,0,2,ODI v Bangladesh,Chattogram,10 Dec 2022,ODI # 4499
1,1,0,0,1,2,Test v Bangladesh,Chattogram,14 Dec 2022,Test # 2481
1,1,0,0,1,4,Test v Bangladesh,Chattogram,14 Dec 2022,Test # 2481
0,0,0,0,0,1,Test v Bangladesh,Mirpur,22 Dec 2022,Test # 2484
0,0,0,0,0,3,Test v Bangladesh,Mirpur,22 Dec 2022,Test # 2484
0,0,0,0,0,2,ODI v Sri Lanka,Guwahati,10 Jan 2023,ODI # 4501
0,0,0,0,0,1,ODI v Sri Lanka,Eden Gardens,12 Jan 2023,ODI # 4503
0,0,0,0,0,2,ODI v Sri Lanka,Thiruvananthapuram,15 Jan 2023,ODI # 4505
0,0,0,0,0,2,ODI v New Zealand,Hyderabad,18 Jan 2023,ODI # 4507
0,0,0,0,0,1,ODI v New Zealand,Raipur,21 Jan 2023,ODI # 4509
2,2,0,0,2,2,ODI v New Zealand,Indore,24 Jan 2023,ODI # 4511
1,1,0,0,1,1,Test v Australia,Nagpur,9 Feb 2023,Test # 2490
1,1,0,0,1,3,Test v Australia,Nagpur,9 Feb 2023,Test # 2490
1,1,0,0,1,1,Test v Australia,Delhi,17 Feb 2023,Test # 2493
1,1,0,0,1,3,Test v Australia,Delhi,17 Feb 2023,Test # 2493
0,0,0,0,0,2,Test v Australia,Indore,1 Mar 2023,Test # 2496
0,0,0,0,0,4,Test v Australia,Indore,1 Mar 2023,Test # 2496
1,1,0,0,1,1,Test v Australia,Ahmedabad,9 Mar 2023,Test # 2499
0,0,0,0,0,3,Test v Australia,Ahmedabad,9 Mar 2023,Test # 2499
0,0,0,0,0,1,ODI v Australia,Wankhede,17 Mar 2023,ODI # 4538
0,0,0,0,0,2,ODI v Australia,Visakhapatnam,19 Mar 2023,ODI # 4541
0,0,0,0,0,1,ODI v Australia,Chennai,22 Mar 2023,ODI # 4545
0,0,0,0,0,1,Test v Australia,The Oval,7 Jun 2023,Test # 2505
1,1,0,0,1,3,Test v Australia,The Oval,7 Jun 2023,Test # 2505
0,0,0,0,0,1,Test v West Indies,Roseau,12 Jul 2023,Test # 2510
0,0,0,0,0,3,Test v West Indies,Roseau,12 Jul 2023,Test # 2510
0,0,0,0,0,2,Test v West Indies,Port of Spain,20 Jul 2023,Test # 2513
0,0,0,0,0,4,Test v West Indies,Port of Spain,20 Jul 2023,Test # 2513
1,1,0,0,1,1,ODI v West Indies,Bridgetown,27 Jul 2023,ODI # 4622
TDNF,-,-,-,-,-,ODI v Pakistan,Pallekele,2 Sep 2023,ODI # 4630
1,1,0,0,1,1,ODI v Nepal,Pallekele,4 Sep 2023,ODI # 4632
0,0,0,0,0,2,ODI v Pakistan,Colombo (RPS),10 Sep 2023,ODI # 4639
0,0,0,0,0,2,ODI v Sri Lanka,Colombo (RPS),12 Sep 2023,ODI # 4641
1,1,0,0,1,1,ODI v Sri Lanka,Colombo (RPS),17 Sep 2023,ODI # 4649
1,1,0,0,1,1,ODI v Australia,Rajkot,27 Sep 2023,ODI # 4657
2,2,0,0,2,1,ODI v Australia,Chennai,8 Oct 2023,ODI # 4662
1,1,0,0,1,1,ODI v Afghanistan,Delhi,11 Oct 2023,ODI # 4666
0,0,0,0,0,1,ODI v Pakistan,Ahmedabad,14 Oct 2023,ODI # 4669
0,0,0,0,0,1,ODI v Bangladesh,Pune,19 Oct 2023,ODI # 4674
2,2,0,0,2,1,ODI v New Zealand,Dharamsala,22 Oct 2023,ODI # 4678
0,0,0,0,0,2,ODI v England,Lucknow,29 Oct 2023,ODI # 4686
0,0,0,0,0,2,ODI v Sri Lanka,Wankhede,2 Nov 2023,ODI # 4690
0,0,0,0,0,2,ODI v South Africa,Eden Gardens,5 Nov 2023,ODI # 4694
0,0,0,0,0,2,ODI v Netherlands,Bengaluru,12 Nov 2023,ODI # 4702
0,0,0,0,0,2,ODI v New Zealand,Wankhede,15 Nov 2023,ODI # 4703
1,1,0,0,1,2,ODI v Australia,Ahmedabad,19 Nov 2023,ODI # 4705
0,0,0,0,0,2,Test v South Africa,Centurion,26 Dec 2023,Test # 2520
0,0,0,0,0,1,Test v South Africa,Cape Town,3 Jan 2024,Test # 2522
1,1,0,0,1,3,Test v South Africa,Cape Town,3 Jan 2024,Test # 2522
1,1,0,0,1,1,T20I v Afghanistan,Indore,14 Jan 2024,T20I # 2431
1,1,0,0,1,2,T20I v Afghanistan,Bengaluru,17 Jan 2024,T20I # 2435
1,1,0,0,1,1,T20I v Ireland,New York,5 Jun 2024,T20I # 2639
0,0,0,0,0,2,T20I v Pakistan,New York,9 Jun 2024,T20I # 2658
0,0,0,0,0,1,T20I v U.S.A.,New York,12 Jun 2024,T20I # 2671
0,0,0,0,0,2,T20I v Afghanistan,Bridgetown,20 Jun 2024,T20I # 2710
1,1,0,0,1,2,T20I v Bangladesh,North Sound,22 Jun 2024,T20I # 2716
0,0,0,0,0,2,T20I v Australia,Gros Islet,24 Jun 2024,T20I # 2721
0,0,0,0,0,2,T20I v England,Providence,27 Jun 2024,T20I # 2724
0,0,0,0,0,2,T20I v South Africa,Bridgetown,29 Jun 2024,T20I # 2729
0,0,0,0,0,1,ODI v Sri Lanka,Colombo (RPS),2 Aug 2024,ODI # 4752
1,1,0,0,1,1,ODI v Sri Lanka,Colombo (RPS),4 Aug 2024,ODI # 4753
0,0,0,0,0,1,ODI v Sri Lanka,Colombo (RPS),7 Aug 2024,ODI # 4754
2,2,0,0,2,2,Test v Bangladesh,Chennai,19 Sep 2024,Test # 2550
0,0,0,0,0,4,Test v Bangladesh,Chennai,19 Sep 2024,Test # 2550
0,0,0,0,0,1,Test v Bangladesh,Kanpur,27 Sep 2024,Test # 2552
0,0,0,0,0,3,Test v Bangladesh,Kanpur,27 Sep 2024,Test # 2552
0,0,0,0,0,2,Test v New Zealand,Bengaluru,16 Oct 2024,Test # 2555
0,0,0,0,0,4,Test v New Zealand,Bengaluru,16 Oct 2024,Test # 2555
0,0,0,0,0,1,Test v New Zealand,Pune,24 Oct 2024,Test # 2557
0,0,0,0,0,3,Test v New Zealand,Pune,24 Oct 2024,Test # 2557
0,0,0,0,0,1,Test v New Zealand,Wankhede,1 Nov 2024,Test # 2560
1,1,0,0,1,3,Test v New Zealand,Wankhede,1 Nov 2024,Test # 2560
1,1,0,0,1,2,Test v Australia,Perth,22 Nov 2024,Test # 2561
1,1,0,0,1,4,Test v Australia,Perth,22 Nov 2024,Test # 2561
0,0,0,0,0,2,Test v Australia,Adelaide,6 Dec 2024,Test # 2568
0,0,0,0,0,4,Test v Australia,Adelaide,6 Dec 2024,Test # 2568
3,3,0,0,3,1,Test v Australia,Brisbane,14 Dec 2024,Test # 2570
0,0,0,0,0,3,Test v Australia,Brisbane,14 Dec 2024,Test # 2570
1,1,0,0,1,1,Test v Australia,Melbourne,26 Dec 2024,Test # 2571
0,0,0,0,0,3,Test v Australia,Melbourne,26 Dec 2024,Test # 2571
1,1,0,0,1,2,Test v Australia,Sydney,3 Jan 2025,Test # 2575
0,0,0,0,0,4,Test v Australia,Sydney,3 Jan 2025,Test # 2575
2,2,0,0,2,1,ODI v England,Cuttack,9 Feb 2025,ODI # 4828
0,0,0,0,0,2,ODI v England,Ahmedabad,12 Feb 2025,ODI # 4833
